ggml_metal_device_init: tensor API disabled for pre-M5 and pre-A19 devices
ggml_metal_library_init: using embedded metal library
ggml_metal_library_init: loaded in 0.022 sec
ggml_metal_rsets_init: creating a residency set collection (keep_alive = 180 s)
ggml_metal_device_init: GPU name:   MTL0 (Apple M2 Max)
ggml_metal_device_init: GPU family: MTLGPUFamilyApple8  (1008)
ggml_metal_device_init: GPU family: MTLGPUFamilyCommon3 (3003)
ggml_metal_device_init: GPU family: MTLGPUFamilyMetal4  (5002)
ggml_metal_device_init: simdgroup reduction   = true
ggml_metal_device_init: simdgroup matrix mul. = true
ggml_metal_device_init: has unified memory    = true
ggml_metal_device_init: has bfloat            = true
ggml_metal_device_init: has tensor            = false
ggml_metal_device_init: use residency sets    = true
ggml_metal_device_init: use shared buffers    = true
ggml_metal_device_init: recommendedMaxWorkingSetSize  = 26800.60 MB
llama_model_loader: loaded meta data with 46 key-value pairs and 658 tensors from /Users/jonathanjenkins/.lmstudio/models/lmstudio-community/gemma-4-26B-A4B-it-GGUF/gemma-4-26B-A4B-it-Q4_K_M.gguf (version GGUF V3 (latest))
llama_model_loader: Dumping metadata keys/values. Note: KV overrides do not apply in this output.
llama_model_loader: - kv   0:                       general.architecture str              = gemma4
llama_model_loader: - kv   1:                               general.type str              = model
llama_model_loader: - kv   2:                     general.sampling.top_k i32              = 64
llama_model_loader: - kv   3:                     general.sampling.top_p f32              = 0.950000
llama_model_loader: - kv   4:                      general.sampling.temp f32              = 1.000000
llama_model_loader: - kv   5:                               general.name str              = Gemma 4 26B A4B
llama_model_loader: - kv   6:                           general.finetune str              = it
llama_model_loader: - kv   7:                         general.size_label str              = 26B-A4B
llama_model_loader: - kv   8:                         gemma4.block_count u32              = 30
llama_model_loader: - kv   9:                      gemma4.context_length u32              = 262144
llama_model_loader: - kv  10:                    gemma4.embedding_length u32              = 2816
llama_model_loader: - kv  11:                 gemma4.feed_forward_length u32              = 2112
llama_model_loader: - kv  12:                gemma4.attention.head_count u32              = 16
llama_model_loader: - kv  13:             gemma4.attention.head_count_kv arr[i32,30]      = [8, 8, 8, 8, 8, 2, 8, 8, 8, 8, 8, 2, ...
llama_model_loader: - kv  14:                      gemma4.rope.freq_base f32              = 1000000.000000
llama_model_loader: - kv  15:                  gemma4.rope.freq_base_swa f32              = 10000.000000
llama_model_loader: - kv  16:    gemma4.attention.layer_norm_rms_epsilon f32              = 0.000001
llama_model_loader: - kv  17:                        gemma4.expert_count u32              = 128
llama_model_loader: - kv  18:                   gemma4.expert_used_count u32              = 8
llama_model_loader: - kv  19:                gemma4.attention.key_length u32              = 512
llama_model_loader: - kv  20:              gemma4.attention.value_length u32              = 512
llama_model_loader: - kv  21:             gemma4.final_logit_softcapping f32              = 30.000000
llama_model_loader: - kv  22:            gemma4.attention.sliding_window u32              = 1024
llama_model_loader: - kv  23:          gemma4.attention.shared_kv_layers u32              = 0
llama_model_loader: - kv  24:    gemma4.embedding_length_per_layer_input u32              = 0
llama_model_loader: - kv  25:    gemma4.attention.sliding_window_pattern arr[bool,30]     = [true, true, true, true, true, false,...
llama_model_loader: - kv  26:            gemma4.attention.key_length_swa u32              = 256
llama_model_loader: - kv  27:          gemma4.attention.value_length_swa u32              = 256
llama_model_loader: - kv  28:          gemma4.expert_feed_forward_length u32              = 704
llama_model_loader: - kv  29:                gemma4.rope.dimension_count u32              = 512
llama_model_loader: - kv  30:            gemma4.rope.dimension_count_swa u32              = 256
llama_model_loader: - kv  31:                       tokenizer.ggml.model str              = gemma4
llama_model_loader: - kv  32:                      tokenizer.ggml.tokens arr[str,262144]  = ["<pad>", "<eos>", "<bos>", "<unk>", ...
llama_model_loader: - kv  33:                      tokenizer.ggml.scores arr[f32,262144]  = [-1000.000000, -1000.000000, -1000.00...
llama_model_loader: - kv  34:                  tokenizer.ggml.token_type arr[i32,262144]  = [3, 3, 3, 3, 3, 1, 1, 1, 1, 1, 1, 1, ...
llama_model_loader: - kv  35:                      tokenizer.ggml.merges arr[str,514906]  = ["\n\n\n\n\n\n\n\n\n\n\n\n\n\n\n\n\n\n\n\n\n\n\n\n\n\n\n\n\n\n \n", ...
llama_model_loader: - kv  36:                tokenizer.ggml.bos_token_id u32              = 2
llama_model_loader: - kv  37:                tokenizer.ggml.eos_token_id u32              = 1
llama_model_loader: - kv  38:            tokenizer.ggml.unknown_token_id u32              = 3
llama_model_loader: - kv  39:            tokenizer.ggml.padding_token_id u32              = 0
llama_model_loader: - kv  40:               tokenizer.ggml.mask_token_id u32              = 4
llama_model_loader: - kv  41:                    tokenizer.chat_template str              = {%- macro format_parameters(propertie...
llama_model_loader: - kv  42:            tokenizer.ggml.add_space_prefix bool             = false
llama_model_loader: - kv  43:               tokenizer.ggml.add_bos_token bool             = false
llama_model_loader: - kv  44:               general.quantization_version u32              = 2
llama_model_loader: - kv  45:                          general.file_type u32              = 15
llama_model_loader: - type  f32:  392 tensors
llama_model_loader: - type q5_0:   32 tensors
llama_model_loader: - type q8_0:   28 tensors
llama_model_loader: - type q4_K:  192 tensors
llama_model_loader: - type q6_K:   14 tensors
print_info: file format = GGUF V3 (latest)
print_info: file type   = Q4_K - Medium
print_info: file size   = 15.63 GiB (5.32 BPW) 
llama_prepare_model_devices: using device MTL0 (Apple M2 Max) (unknown id) - 25558 MiB free
init_tokenizer: initializing tokenizer for type 2
load: override 'tokenizer.ggml.add_bos_token' to 'true' for Gemma4
load: 0 unused tokens
load: control token: 258883 '<audio|>' is not marked as EOG
load: control token: 258881 '<|audio|>' is not marked as EOG
load: control token: 258880 '<|image|>' is not marked as EOG
load: control token: 256000 '<|audio>' is not marked as EOG
load: control token: 255999 '<|image>' is not marked as EOG
load: control token:    105 '<|turn>' is not marked as EOG
load: control token: 258882 '<image|>' is not marked as EOG
load: control-looking token:     50 '<|tool_response>' was not control-type; this is probably a bug in the model. its type will be overridden
load: control token:     46 '<|tool>' is not marked as EOG
load: control token:      3 '<unk>' is not marked as EOG
load: control-looking token:    212 '</s>' was not control-type; this is probably a bug in the model. its type will be overridden
load: control token: 258884 '<|video|>' is not marked as EOG
load: control token:     47 '<tool|>' is not marked as EOG
load: control token:      4 '<mask>' is not marked as EOG
load: control token:      2 '<bos>' is not marked as EOG
load: control token:     98 '<|think|>' is not marked as EOG
load: control token:      0 '<pad>' is not marked as EOG
load: printing all EOG tokens:
load:   - 1 ('<eos>')
load:   - 50 ('<|tool_response>')
load:   - 106 ('<turn|>')
load:   - 212 ('</s>')
load: special_eog_ids contains '<|tool_response>', removing '</s>' token from EOG list
load: special tokens cache size = 24
load: token to piece cache size = 1.9445 MB
print_info: arch                  = gemma4
print_info: vocab_only            = 0
print_info: no_alloc              = 0
print_info: n_ctx_train           = 262144
print_info: n_embd                = 2816
print_info: n_embd_inp            = 2816
print_info: n_layer               = 30
print_info: n_head                = 16
print_info: n_head_kv             = [8, 8, 8, 8, 8, 2, 8, 8, 8, 8, 8, 2, 8, 8, 8, 8, 8, 2, 8, 8, 8, 8, 8, 2, 8, 8, 8, 8, 8, 2]
print_info: n_rot                 = 512
print_info: n_swa                 = 1024
print_info: is_swa_any            = 1
print_info: n_embd_head_k         = 512
print_info: n_embd_head_v         = 512
print_info: n_gqa                 = [2, 2, 2, 2, 2, 8, 2, 2, 2, 2, 2, 8, 2, 2, 2, 2, 2, 8, 2, 2, 2, 2, 2, 8, 2, 2, 2, 2, 2, 8]
print_info: n_embd_k_gqa          = [2048, 2048, 2048, 2048, 2048, 1024, 2048, 2048, 2048, 2048, 2048, 1024, 2048, 2048, 2048, 2048, 2048, 1024, 2048, 2048, 2048, 2048, 2048, 1024, 2048, 2048, 2048, 2048, 2048, 1024]
print_info: n_embd_v_gqa          = [2048, 2048, 2048, 2048, 2048, 1024, 2048, 2048, 2048, 2048, 2048, 1024, 2048, 2048, 2048, 2048, 2048, 1024, 2048, 2048, 2048, 2048, 2048, 1024, 2048, 2048, 2048, 2048, 2048, 1024]
print_info: f_norm_eps            = 0.0e+00
print_info: f_norm_rms_eps        = 1.0e-06
print_info: f_clamp_kqv           = 0.0e+00
print_info: f_max_alibi_bias      = 0.0e+00
print_info: f_logit_scale         = 0.0e+00
print_info: f_attn_scale          = 1.0e+00
print_info: f_attn_value_scale    = 0.0000
print_info: n_ff                  = 2112
print_info: n_expert              = 128
print_info: n_expert_used         = 8
print_info: n_expert_groups       = 0
print_info: n_group_used          = 0
print_info: causal attn           = 1
print_info: pooling type          = -1
print_info: rope type             = 2
print_info: rope scaling          = linear
print_info: freq_base_train       = 1000000.0
print_info: freq_scale_train      = 1
print_info: freq_base_swa         = 10000.0
print_info: freq_scale_swa        = 1
print_info: n_embd_head_k_swa     = 256
print_info: n_embd_head_v_swa     = 256
print_info: n_rot_swa             = 256
print_info: n_ctx_orig_yarn       = 262144
print_info: rope_yarn_log_mul     = 0.0000
print_info: rope_finetuned        = unknown
print_info: model type            = 26B.A4B
print_info: model params          = 25.23 B
print_info: general.name          = Gemma 4 26B A4B
print_info: vocab type            = BPE
print_info: n_vocab               = 262144
print_info: n_merges              = 514906
print_info: BOS token             = 2 '<bos>'
print_info: EOS token             = 1 '<eos>'
print_info: UNK token             = 3 '<unk>'
print_info: PAD token             = 0 '<pad>'
print_info: MASK token            = 4 '<mask>'
print_info: LF token              = 107 '
'
print_info: EOG token             = 1 '<eos>'
print_info: EOG token             = 50 '<|tool_response>'
print_info: EOG token             = 106 '<turn|>'
print_info: max token length      = 93
load_tensors: loading model tensors, this can take a while... (mmap = true, direct_io = false)
load_tensors: layer   0 assigned to device MTL0, is_swa = 1
load_tensors: layer   1 assigned to device MTL0, is_swa = 1
load_tensors: layer   2 assigned to device MTL0, is_swa = 1
load_tensors: layer   3 assigned to device MTL0, is_swa = 1
load_tensors: layer   4 assigned to device MTL0, is_swa = 1
load_tensors: layer   5 assigned to device MTL0, is_swa = 0
load_tensors: layer   6 assigned to device MTL0, is_swa = 1
load_tensors: layer   7 assigned to device MTL0, is_swa = 1
load_tensors: layer   8 assigned to device MTL0, is_swa = 1
load_tensors: layer   9 assigned to device MTL0, is_swa = 1
load_tensors: layer  10 assigned to device MTL0, is_swa = 1
load_tensors: layer  11 assigned to device MTL0, is_swa = 0
load_tensors: layer  12 assigned to device MTL0, is_swa = 1
load_tensors: layer  13 assigned to device MTL0, is_swa = 1
load_tensors: layer  14 assigned to device MTL0, is_swa = 1
load_tensors: layer  15 assigned to device MTL0, is_swa = 1
load_tensors: layer  16 assigned to device MTL0, is_swa = 1
load_tensors: layer  17 assigned to device MTL0, is_swa = 0
load_tensors: layer  18 assigned to device MTL0, is_swa = 1
load_tensors: layer  19 assigned to device MTL0, is_swa = 1
load_tensors: layer  20 assigned to device MTL0, is_swa = 1
load_tensors: layer  21 assigned to device MTL0, is_swa = 1
load_tensors: layer  22 assigned to device MTL0, is_swa = 1
load_tensors: layer  23 assigned to device MTL0, is_swa = 0
load_tensors: layer  24 assigned to device MTL0, is_swa = 1
load_tensors: layer  25 assigned to device MTL0, is_swa = 1
load_tensors: layer  26 assigned to device MTL0, is_swa = 1
load_tensors: layer  27 assigned to device MTL0, is_swa = 1
load_tensors: layer  28 assigned to device MTL0, is_swa = 1
load_tensors: layer  29 assigned to device MTL0, is_swa = 0
load_tensors: layer  30 assigned to device MTL0, is_swa = 0
create_tensor: loading tensor token_embd.weight
create_tensor: loading tensor token_embd.weight
create_tensor: loading tensor output_norm.weight
create_tensor: loading tensor blk.0.attn_norm.weight
create_tensor: loading tensor blk.0.attn_q.weight
create_tensor: loading tensor blk.0.attn_k.weight
create_tensor: loading tensor blk.0.attn_v.weight
create_tensor: loading tensor blk.0.attn_output.weight
create_tensor: loading tensor blk.0.attn_q_norm.weight
create_tensor: loading tensor blk.0.attn_k_norm.weight
create_tensor: loading tensor blk.0.post_attention_norm.weight
create_tensor: loading tensor blk.0.layer_output_scale.weight
create_tensor: loading tensor blk.0.ffn_norm.weight
create_tensor: loading tensor blk.0.ffn_gate.weight
create_tensor: loading tensor blk.0.ffn_up.weight
create_tensor: loading tensor blk.0.ffn_down.weight
create_tensor: loading tensor blk.0.post_ffw_norm.weight
create_tensor: loading tensor blk.0.ffn_gate_inp.weight
create_tensor: loading tensor blk.0.ffn_gate_inp.scale
create_tensor: loading tensor blk.0.pre_ffw_norm_2.weight
create_tensor: loading tensor blk.0.post_ffw_norm_1.weight
create_tensor: loading tensor blk.0.post_ffw_norm_2.weight
create_tensor: loading tensor blk.0.ffn_gate_up_exps.weight
create_tensor: loading tensor blk.0.ffn_down_exps.weight
create_tensor: loading tensor blk.1.attn_norm.weight
create_tensor: loading tensor blk.1.attn_q.weight
create_tensor: loading tensor blk.1.attn_k.weight
create_tensor: loading tensor blk.1.attn_v.weight
create_tensor: loading tensor blk.1.attn_output.weight
create_tensor: loading tensor blk.1.attn_q_norm.weight
create_tensor: loading tensor blk.1.attn_k_norm.weight
create_tensor: loading tensor blk.1.post_attention_norm.weight
create_tensor: loading tensor blk.1.layer_output_scale.weight
create_tensor: loading tensor blk.1.ffn_norm.weight
create_tensor: loading tensor blk.1.ffn_gate.weight
create_tensor: loading tensor blk.1.ffn_up.weight
create_tensor: loading tensor blk.1.ffn_down.weight
create_tensor: loading tensor blk.1.post_ffw_norm.weight
create_tensor: loading tensor blk.1.ffn_gate_inp.weight
create_tensor: loading tensor blk.1.ffn_gate_inp.scale
create_tensor: loading tensor blk.1.pre_ffw_norm_2.weight
create_tensor: loading tensor blk.1.post_ffw_norm_1.weight
create_tensor: loading tensor blk.1.post_ffw_norm_2.weight
create_tensor: loading tensor blk.1.ffn_gate_up_exps.weight
create_tensor: loading tensor blk.1.ffn_down_exps.weight
create_tensor: loading tensor blk.2.attn_norm.weight
create_tensor: loading tensor blk.2.attn_q.weight
create_tensor: loading tensor blk.2.attn_k.weight
create_tensor: loading tensor blk.2.attn_v.weight
create_tensor: loading tensor blk.2.attn_output.weight
create_tensor: loading tensor blk.2.attn_q_norm.weight
create_tensor: loading tensor blk.2.attn_k_norm.weight
create_tensor: loading tensor blk.2.post_attention_norm.weight
create_tensor: loading tensor blk.2.layer_output_scale.weight
create_tensor: loading tensor blk.2.ffn_norm.weight
create_tensor: loading tensor blk.2.ffn_gate.weight
create_tensor: loading tensor blk.2.ffn_up.weight
create_tensor: loading tensor blk.2.ffn_down.weight
create_tensor: loading tensor blk.2.post_ffw_norm.weight
create_tensor: loading tensor blk.2.ffn_gate_inp.weight
create_tensor: loading tensor blk.2.ffn_gate_inp.scale
create_tensor: loading tensor blk.2.pre_ffw_norm_2.weight
create_tensor: loading tensor blk.2.post_ffw_norm_1.weight
create_tensor: loading tensor blk.2.post_ffw_norm_2.weight
create_tensor: loading tensor blk.2.ffn_gate_up_exps.weight
create_tensor: loading tensor blk.2.ffn_down_exps.weight
create_tensor: loading tensor blk.3.attn_norm.weight
create_tensor: loading tensor blk.3.attn_q.weight
create_tensor: loading tensor blk.3.attn_k.weight
create_tensor: loading tensor blk.3.attn_v.weight
create_tensor: loading tensor blk.3.attn_output.weight
create_tensor: loading tensor blk.3.attn_q_norm.weight
create_tensor: loading tensor blk.3.attn_k_norm.weight
create_tensor: loading tensor blk.3.post_attention_norm.weight
create_tensor: loading tensor blk.3.layer_output_scale.weight
create_tensor: loading tensor blk.3.ffn_norm.weight
create_tensor: loading tensor blk.3.ffn_gate.weight
create_tensor: loading tensor blk.3.ffn_up.weight
create_tensor: loading tensor blk.3.ffn_down.weight
create_tensor: loading tensor blk.3.post_ffw_norm.weight
create_tensor: loading tensor blk.3.ffn_gate_inp.weight
create_tensor: loading tensor blk.3.ffn_gate_inp.scale
create_tensor: loading tensor blk.3.pre_ffw_norm_2.weight
create_tensor: loading tensor blk.3.post_ffw_norm_1.weight
create_tensor: loading tensor blk.3.post_ffw_norm_2.weight
create_tensor: loading tensor blk.3.ffn_gate_up_exps.weight
create_tensor: loading tensor blk.3.ffn_down_exps.weight
create_tensor: loading tensor blk.4.attn_norm.weight
create_tensor: loading tensor blk.4.attn_q.weight
create_tensor: loading tensor blk.4.attn_k.weight
create_tensor: loading tensor blk.4.attn_v.weight
create_tensor: loading tensor blk.4.attn_output.weight
create_tensor: loading tensor blk.4.attn_q_norm.weight
create_tensor: loading tensor blk.4.attn_k_norm.weight
create_tensor: loading tensor blk.4.post_attention_norm.weight
create_tensor: loading tensor blk.4.layer_output_scale.weight
create_tensor: loading tensor blk.4.ffn_norm.weight
create_tensor: loading tensor blk.4.ffn_gate.weight
create_tensor: loading tensor blk.4.ffn_up.weight
create_tensor: loading tensor blk.4.ffn_down.weight
create_tensor: loading tensor blk.4.post_ffw_norm.weight
create_tensor: loading tensor blk.4.ffn_gate_inp.weight
create_tensor: loading tensor blk.4.ffn_gate_inp.scale
create_tensor: loading tensor blk.4.pre_ffw_norm_2.weight
create_tensor: loading tensor blk.4.post_ffw_norm_1.weight
create_tensor: loading tensor blk.4.post_ffw_norm_2.weight
create_tensor: loading tensor blk.4.ffn_gate_up_exps.weight
create_tensor: loading tensor blk.4.ffn_down_exps.weight
create_tensor: loading tensor blk.5.attn_norm.weight
create_tensor: loading tensor blk.5.attn_q.weight
create_tensor: loading tensor blk.5.attn_k.weight
create_tensor: loading tensor blk.5.attn_output.weight
create_tensor: loading tensor blk.5.attn_q_norm.weight
create_tensor: loading tensor blk.5.attn_k_norm.weight
create_tensor: loading tensor blk.5.post_attention_norm.weight
create_tensor: loading tensor blk.5.layer_output_scale.weight
create_tensor: loading tensor rope_freqs.weight
create_tensor: loading tensor blk.5.ffn_norm.weight
create_tensor: loading tensor blk.5.ffn_gate.weight
create_tensor: loading tensor blk.5.ffn_up.weight
create_tensor: loading tensor blk.5.ffn_down.weight
create_tensor: loading tensor blk.5.post_ffw_norm.weight
create_tensor: loading tensor blk.5.ffn_gate_inp.weight
create_tensor: loading tensor blk.5.ffn_gate_inp.scale
create_tensor: loading tensor blk.5.pre_ffw_norm_2.weight
create_tensor: loading tensor blk.5.post_ffw_norm_1.weight
create_tensor: loading tensor blk.5.post_ffw_norm_2.weight
create_tensor: loading tensor blk.5.ffn_gate_up_exps.weight
create_tensor: loading tensor blk.5.ffn_down_exps.weight
create_tensor: loading tensor blk.6.attn_norm.weight
create_tensor: loading tensor blk.6.attn_q.weight
create_tensor: loading tensor blk.6.attn_k.weight
create_tensor: loading tensor blk.6.attn_v.weight
create_tensor: loading tensor blk.6.attn_output.weight
create_tensor: loading tensor blk.6.attn_q_norm.weight
create_tensor: loading tensor blk.6.attn_k_norm.weight
create_tensor: loading tensor blk.6.post_attention_norm.weight
create_tensor: loading tensor blk.6.layer_output_scale.weight
create_tensor: loading tensor blk.6.ffn_norm.weight
create_tensor: loading tensor blk.6.ffn_gate.weight
create_tensor: loading tensor blk.6.ffn_up.weight
create_tensor: loading tensor blk.6.ffn_down.weight
create_tensor: loading tensor blk.6.post_ffw_norm.weight
create_tensor: loading tensor blk.6.ffn_gate_inp.weight
create_tensor: loading tensor blk.6.ffn_gate_inp.scale
create_tensor: loading tensor blk.6.pre_ffw_norm_2.weight
create_tensor: loading tensor blk.6.post_ffw_norm_1.weight
create_tensor: loading tensor blk.6.post_ffw_norm_2.weight
create_tensor: loading tensor blk.6.ffn_gate_up_exps.weight
create_tensor: loading tensor blk.6.ffn_down_exps.weight
create_tensor: loading tensor blk.7.attn_norm.weight
create_tensor: loading tensor blk.7.attn_q.weight
create_tensor: loading tensor blk.7.attn_k.weight
create_tensor: loading tensor blk.7.attn_v.weight
create_tensor: loading tensor blk.7.attn_output.weight
create_tensor: loading tensor blk.7.attn_q_norm.weight
create_tensor: loading tensor blk.7.attn_k_norm.weight
create_tensor: loading tensor blk.7.post_attention_norm.weight
create_tensor: loading tensor blk.7.layer_output_scale.weight
create_tensor: loading tensor blk.7.ffn_norm.weight
create_tensor: loading tensor blk.7.ffn_gate.weight
create_tensor: loading tensor blk.7.ffn_up.weight
create_tensor: loading tensor blk.7.ffn_down.weight
create_tensor: loading tensor blk.7.post_ffw_norm.weight
create_tensor: loading tensor blk.7.ffn_gate_inp.weight
create_tensor: loading tensor blk.7.ffn_gate_inp.scale
create_tensor: loading tensor blk.7.pre_ffw_norm_2.weight
create_tensor: loading tensor blk.7.post_ffw_norm_1.weight
create_tensor: loading tensor blk.7.post_ffw_norm_2.weight
create_tensor: loading tensor blk.7.ffn_gate_up_exps.weight
create_tensor: loading tensor blk.7.ffn_down_exps.weight
create_tensor: loading tensor blk.8.attn_norm.weight
create_tensor: loading tensor blk.8.attn_q.weight
create_tensor: loading tensor blk.8.attn_k.weight
create_tensor: loading tensor blk.8.attn_v.weight
create_tensor: loading tensor blk.8.attn_output.weight
create_tensor: loading tensor blk.8.attn_q_norm.weight
create_tensor: loading tensor blk.8.attn_k_norm.weight
create_tensor: loading tensor blk.8.post_attention_norm.weight
create_tensor: loading tensor blk.8.layer_output_scale.weight
create_tensor: loading tensor blk.8.ffn_norm.weight
create_tensor: loading tensor blk.8.ffn_gate.weight
create_tensor: loading tensor blk.8.ffn_up.weight
create_tensor: loading tensor blk.8.ffn_down.weight
create_tensor: loading tensor blk.8.post_ffw_norm.weight
create_tensor: loading tensor blk.8.ffn_gate_inp.weight
create_tensor: loading tensor blk.8.ffn_gate_inp.scale
create_tensor: loading tensor blk.8.pre_ffw_norm_2.weight
create_tensor: loading tensor blk.8.post_ffw_norm_1.weight
create_tensor: loading tensor blk.8.post_ffw_norm_2.weight
create_tensor: loading tensor blk.8.ffn_gate_up_exps.weight
create_tensor: loading tensor blk.8.ffn_down_exps.weight
create_tensor: loading tensor blk.9.attn_norm.weight
create_tensor: loading tensor blk.9.attn_q.weight
create_tensor: loading tensor blk.9.attn_k.weight
create_tensor: loading tensor blk.9.attn_v.weight
create_tensor: loading tensor blk.9.attn_output.weight
create_tensor: loading tensor blk.9.attn_q_norm.weight
create_tensor: loading tensor blk.9.attn_k_norm.weight
create_tensor: loading tensor blk.9.post_attention_norm.weight
create_tensor: loading tensor blk.9.layer_output_scale.weight
create_tensor: loading tensor blk.9.ffn_norm.weight
create_tensor: loading tensor blk.9.ffn_gate.weight
create_tensor: loading tensor blk.9.ffn_up.weight
create_tensor: loading tensor blk.9.ffn_down.weight
create_tensor: loading tensor blk.9.post_ffw_norm.weight
create_tensor: loading tensor blk.9.ffn_gate_inp.weight
create_tensor: loading tensor blk.9.ffn_gate_inp.scale
create_tensor: loading tensor blk.9.pre_ffw_norm_2.weight
create_tensor: loading tensor blk.9.post_ffw_norm_1.weight
create_tensor: loading tensor blk.9.post_ffw_norm_2.weight
create_tensor: loading tensor blk.9.ffn_gate_up_exps.weight
create_tensor: loading tensor blk.9.ffn_down_exps.weight
create_tensor: loading tensor blk.10.attn_norm.weight
create_tensor: loading tensor blk.10.attn_q.weight
create_tensor: loading tensor blk.10.attn_k.weight
create_tensor: loading tensor blk.10.attn_v.weight
create_tensor: loading tensor blk.10.attn_output.weight
create_tensor: loading tensor blk.10.attn_q_norm.weight
create_tensor: loading tensor blk.10.attn_k_norm.weight
create_tensor: loading tensor blk.10.post_attention_norm.weight
create_tensor: loading tensor blk.10.layer_output_scale.weight
create_tensor: loading tensor blk.10.ffn_norm.weight
create_tensor: loading tensor blk.10.ffn_gate.weight
create_tensor: loading tensor blk.10.ffn_up.weight
create_tensor: loading tensor blk.10.ffn_down.weight
create_tensor: loading tensor blk.10.post_ffw_norm.weight
create_tensor: loading tensor blk.10.ffn_gate_inp.weight
create_tensor: loading tensor blk.10.ffn_gate_inp.scale
create_tensor: loading tensor blk.10.pre_ffw_norm_2.weight
create_tensor: loading tensor blk.10.post_ffw_norm_1.weight
create_tensor: loading tensor blk.10.post_ffw_norm_2.weight
create_tensor: loading tensor blk.10.ffn_gate_up_exps.weight
create_tensor: loading tensor blk.10.ffn_down_exps.weight
create_tensor: loading tensor blk.11.attn_norm.weight
create_tensor: loading tensor blk.11.attn_q.weight
create_tensor: loading tensor blk.11.attn_k.weight
create_tensor: loading tensor blk.11.attn_output.weight
create_tensor: loading tensor blk.11.attn_q_norm.weight
create_tensor: loading tensor blk.11.attn_k_norm.weight
create_tensor: loading tensor blk.11.post_attention_norm.weight
create_tensor: loading tensor blk.11.layer_output_scale.weight
create_tensor: loading tensor blk.11.ffn_norm.weight
create_tensor: loading tensor blk.11.ffn_gate.weight
create_tensor: loading tensor blk.11.ffn_up.weight
create_tensor: loading tensor blk.11.ffn_down.weight
create_tensor: loading tensor blk.11.post_ffw_norm.weight
create_tensor: loading tensor blk.11.ffn_gate_inp.weight
create_tensor: loading tensor blk.11.ffn_gate_inp.scale
create_tensor: loading tensor blk.11.pre_ffw_norm_2.weight
create_tensor: loading tensor blk.11.post_ffw_norm_1.weight
create_tensor: loading tensor blk.11.post_ffw_norm_2.weight
create_tensor: loading tensor blk.11.ffn_gate_up_exps.weight
create_tensor: loading tensor blk.11.ffn_down_exps.weight
create_tensor: loading tensor blk.12.attn_norm.weight
create_tensor: loading tensor blk.12.attn_q.weight
create_tensor: loading tensor blk.12.attn_k.weight
create_tensor: loading tensor blk.12.attn_v.weight
create_tensor: loading tensor blk.12.attn_output.weight
create_tensor: loading tensor blk.12.attn_q_norm.weight
create_tensor: loading tensor blk.12.attn_k_norm.weight
create_tensor: loading tensor blk.12.post_attention_norm.weight
create_tensor: loading tensor blk.12.layer_output_scale.weight
create_tensor: loading tensor blk.12.ffn_norm.weight
create_tensor: loading tensor blk.12.ffn_gate.weight
create_tensor: loading tensor blk.12.ffn_up.weight
create_tensor: loading tensor blk.12.ffn_down.weight
create_tensor: loading tensor blk.12.post_ffw_norm.weight
create_tensor: loading tensor blk.12.ffn_gate_inp.weight
create_tensor: loading tensor blk.12.ffn_gate_inp.scale
create_tensor: loading tensor blk.12.pre_ffw_norm_2.weight
create_tensor: loading tensor blk.12.post_ffw_norm_1.weight
create_tensor: loading tensor blk.12.post_ffw_norm_2.weight
create_tensor: loading tensor blk.12.ffn_gate_up_exps.weight
create_tensor: loading tensor blk.12.ffn_down_exps.weight
create_tensor: loading tensor blk.13.attn_norm.weight
create_tensor: loading tensor blk.13.attn_q.weight
create_tensor: loading tensor blk.13.attn_k.weight
create_tensor: loading tensor blk.13.attn_v.weight
create_tensor: loading tensor blk.13.attn_output.weight
create_tensor: loading tensor blk.13.attn_q_norm.weight
create_tensor: loading tensor blk.13.attn_k_norm.weight
create_tensor: loading tensor blk.13.post_attention_norm.weight
create_tensor: loading tensor blk.13.layer_output_scale.weight
create_tensor: loading tensor blk.13.ffn_norm.weight
create_tensor: loading tensor blk.13.ffn_gate.weight
create_tensor: loading tensor blk.13.ffn_up.weight
create_tensor: loading tensor blk.13.ffn_down.weight
create_tensor: loading tensor blk.13.post_ffw_norm.weight
create_tensor: loading tensor blk.13.ffn_gate_inp.weight
create_tensor: loading tensor blk.13.ffn_gate_inp.scale
create_tensor: loading tensor blk.13.pre_ffw_norm_2.weight
create_tensor: loading tensor blk.13.post_ffw_norm_1.weight
create_tensor: loading tensor blk.13.post_ffw_norm_2.weight
create_tensor: loading tensor blk.13.ffn_gate_up_exps.weight
create_tensor: loading tensor blk.13.ffn_down_exps.weight
create_tensor: loading tensor blk.14.attn_norm.weight
create_tensor: loading tensor blk.14.attn_q.weight
create_tensor: loading tensor blk.14.attn_k.weight
create_tensor: loading tensor blk.14.attn_v.weight
create_tensor: loading tensor blk.14.attn_output.weight
create_tensor: loading tensor blk.14.attn_q_norm.weight
create_tensor: loading tensor blk.14.attn_k_norm.weight
create_tensor: loading tensor blk.14.post_attention_norm.weight
create_tensor: loading tensor blk.14.layer_output_scale.weight
create_tensor: loading tensor blk.14.ffn_norm.weight
create_tensor: loading tensor blk.14.ffn_gate.weight
create_tensor: loading tensor blk.14.ffn_up.weight
create_tensor: loading tensor blk.14.ffn_down.weight
create_tensor: loading tensor blk.14.post_ffw_norm.weight
create_tensor: loading tensor blk.14.ffn_gate_inp.weight
create_tensor: loading tensor blk.14.ffn_gate_inp.scale
create_tensor: loading tensor blk.14.pre_ffw_norm_2.weight
create_tensor: loading tensor blk.14.post_ffw_norm_1.weight
create_tensor: loading tensor blk.14.post_ffw_norm_2.weight
create_tensor: loading tensor blk.14.ffn_gate_up_exps.weight
create_tensor: loading tensor blk.14.ffn_down_exps.weight
create_tensor: loading tensor blk.15.attn_norm.weight
create_tensor: loading tensor blk.15.attn_q.weight
create_tensor: loading tensor blk.15.attn_k.weight
create_tensor: loading tensor blk.15.attn_v.weight
create_tensor: loading tensor blk.15.attn_output.weight
create_tensor: loading tensor blk.15.attn_q_norm.weight
create_tensor: loading tensor blk.15.attn_k_norm.weight
create_tensor: loading tensor blk.15.post_attention_norm.weight
create_tensor: loading tensor blk.15.layer_output_scale.weight
create_tensor: loading tensor blk.15.ffn_norm.weight
create_tensor: loading tensor blk.15.ffn_gate.weight
create_tensor: loading tensor blk.15.ffn_up.weight
create_tensor: loading tensor blk.15.ffn_down.weight
create_tensor: loading tensor blk.15.post_ffw_norm.weight
create_tensor: loading tensor blk.15.ffn_gate_inp.weight
create_tensor: loading tensor blk.15.ffn_gate_inp.scale
create_tensor: loading tensor blk.15.pre_ffw_norm_2.weight
create_tensor: loading tensor blk.15.post_ffw_norm_1.weight
create_tensor: loading tensor blk.15.post_ffw_norm_2.weight
create_tensor: loading tensor blk.15.ffn_gate_up_exps.weight
create_tensor: loading tensor blk.15.ffn_down_exps.weight
create_tensor: loading tensor blk.16.attn_norm.weight
create_tensor: loading tensor blk.16.attn_q.weight
create_tensor: loading tensor blk.16.attn_k.weight
create_tensor: loading tensor blk.16.attn_v.weight
create_tensor: loading tensor blk.16.attn_output.weight
create_tensor: loading tensor blk.16.attn_q_norm.weight
create_tensor: loading tensor blk.16.attn_k_norm.weight
create_tensor: loading tensor blk.16.post_attention_norm.weight
create_tensor: loading tensor blk.16.layer_output_scale.weight
create_tensor: loading tensor blk.16.ffn_norm.weight
create_tensor: loading tensor blk.16.ffn_gate.weight
create_tensor: loading tensor blk.16.ffn_up.weight
create_tensor: loading tensor blk.16.ffn_down.weight
create_tensor: loading tensor blk.16.post_ffw_norm.weight
create_tensor: loading tensor blk.16.ffn_gate_inp.weight
create_tensor: loading tensor blk.16.ffn_gate_inp.scale
create_tensor: loading tensor blk.16.pre_ffw_norm_2.weight
create_tensor: loading tensor blk.16.post_ffw_norm_1.weight
create_tensor: loading tensor blk.16.post_ffw_norm_2.weight
create_tensor: loading tensor blk.16.ffn_gate_up_exps.weight
create_tensor: loading tensor blk.16.ffn_down_exps.weight
create_tensor: loading tensor blk.17.attn_norm.weight
create_tensor: loading tensor blk.17.attn_q.weight
create_tensor: loading tensor blk.17.attn_k.weight
create_tensor: loading tensor blk.17.attn_output.weight
create_tensor: loading tensor blk.17.attn_q_norm.weight
create_tensor: loading tensor blk.17.attn_k_norm.weight
create_tensor: loading tensor blk.17.post_attention_norm.weight
create_tensor: loading tensor blk.17.layer_output_scale.weight
create_tensor: loading tensor blk.17.ffn_norm.weight
create_tensor: loading tensor blk.17.ffn_gate.weight
create_tensor: loading tensor blk.17.ffn_up.weight
create_tensor: loading tensor blk.17.ffn_down.weight
create_tensor: loading tensor blk.17.post_ffw_norm.weight
create_tensor: loading tensor blk.17.ffn_gate_inp.weight
create_tensor: loading tensor blk.17.ffn_gate_inp.scale
create_tensor: loading tensor blk.17.pre_ffw_norm_2.weight
create_tensor: loading tensor blk.17.post_ffw_norm_1.weight
create_tensor: loading tensor blk.17.post_ffw_norm_2.weight
create_tensor: loading tensor blk.17.ffn_gate_up_exps.weight
create_tensor: loading tensor blk.17.ffn_down_exps.weight
create_tensor: loading tensor blk.18.attn_norm.weight
create_tensor: loading tensor blk.18.attn_q.weight
create_tensor: loading tensor blk.18.attn_k.weight
create_tensor: loading tensor blk.18.attn_v.weight
create_tensor: loading tensor blk.18.attn_output.weight
create_tensor: loading tensor blk.18.attn_q_norm.weight
create_tensor: loading tensor blk.18.attn_k_norm.weight
create_tensor: loading tensor blk.18.post_attention_norm.weight
create_tensor: loading tensor blk.18.layer_output_scale.weight
create_tensor: loading tensor blk.18.ffn_norm.weight
create_tensor: loading tensor blk.18.ffn_gate.weight
create_tensor: loading tensor blk.18.ffn_up.weight
create_tensor: loading tensor blk.18.ffn_down.weight
create_tensor: loading tensor blk.18.post_ffw_norm.weight
create_tensor: loading tensor blk.18.ffn_gate_inp.weight
create_tensor: loading tensor blk.18.ffn_gate_inp.scale
create_tensor: loading tensor blk.18.pre_ffw_norm_2.weight
create_tensor: loading tensor blk.18.post_ffw_norm_1.weight
create_tensor: loading tensor blk.18.post_ffw_norm_2.weight
create_tensor: loading tensor blk.18.ffn_gate_up_exps.weight
create_tensor: loading tensor blk.18.ffn_down_exps.weight
create_tensor: loading tensor blk.19.attn_norm.weight
create_tensor: loading tensor blk.19.attn_q.weight
create_tensor: loading tensor blk.19.attn_k.weight
create_tensor: loading tensor blk.19.attn_v.weight
create_tensor: loading tensor blk.19.attn_output.weight
create_tensor: loading tensor blk.19.attn_q_norm.weight
create_tensor: loading tensor blk.19.attn_k_norm.weight
create_tensor: loading tensor blk.19.post_attention_norm.weight
create_tensor: loading tensor blk.19.layer_output_scale.weight
create_tensor: loading tensor blk.19.ffn_norm.weight
create_tensor: loading tensor blk.19.ffn_gate.weight
create_tensor: loading tensor blk.19.ffn_up.weight
create_tensor: loading tensor blk.19.ffn_down.weight
create_tensor: loading tensor blk.19.post_ffw_norm.weight
create_tensor: loading tensor blk.19.ffn_gate_inp.weight
create_tensor: loading tensor blk.19.ffn_gate_inp.scale
create_tensor: loading tensor blk.19.pre_ffw_norm_2.weight
create_tensor: loading tensor blk.19.post_ffw_norm_1.weight
create_tensor: loading tensor blk.19.post_ffw_norm_2.weight
create_tensor: loading tensor blk.19.ffn_gate_up_exps.weight
create_tensor: loading tensor blk.19.ffn_down_exps.weight
create_tensor: loading tensor blk.20.attn_norm.weight
create_tensor: loading tensor blk.20.attn_q.weight
create_tensor: loading tensor blk.20.attn_k.weight
create_tensor: loading tensor blk.20.attn_v.weight
create_tensor: loading tensor blk.20.attn_output.weight
create_tensor: loading tensor blk.20.attn_q_norm.weight
create_tensor: loading tensor blk.20.attn_k_norm.weight
create_tensor: loading tensor blk.20.post_attention_norm.weight
create_tensor: loading tensor blk.20.layer_output_scale.weight
create_tensor: loading tensor blk.20.ffn_norm.weight
create_tensor: loading tensor blk.20.ffn_gate.weight
create_tensor: loading tensor blk.20.ffn_up.weight
create_tensor: loading tensor blk.20.ffn_down.weight
create_tensor: loading tensor blk.20.post_ffw_norm.weight
create_tensor: loading tensor blk.20.ffn_gate_inp.weight
create_tensor: loading tensor blk.20.ffn_gate_inp.scale
create_tensor: loading tensor blk.20.pre_ffw_norm_2.weight
create_tensor: loading tensor blk.20.post_ffw_norm_1.weight
create_tensor: loading tensor blk.20.post_ffw_norm_2.weight
create_tensor: loading tensor blk.20.ffn_gate_up_exps.weight
create_tensor: loading tensor blk.20.ffn_down_exps.weight
create_tensor: loading tensor blk.21.attn_norm.weight
create_tensor: loading tensor blk.21.attn_q.weight
create_tensor: loading tensor blk.21.attn_k.weight
create_tensor: loading tensor blk.21.attn_v.weight
create_tensor: loading tensor blk.21.attn_output.weight
create_tensor: loading tensor blk.21.attn_q_norm.weight
create_tensor: loading tensor blk.21.attn_k_norm.weight
create_tensor: loading tensor blk.21.post_attention_norm.weight
create_tensor: loading tensor blk.21.layer_output_scale.weight
create_tensor: loading tensor blk.21.ffn_norm.weight
create_tensor: loading tensor blk.21.ffn_gate.weight
create_tensor: loading tensor blk.21.ffn_up.weight
create_tensor: loading tensor blk.21.ffn_down.weight
create_tensor: loading tensor blk.21.post_ffw_norm.weight
create_tensor: loading tensor blk.21.ffn_gate_inp.weight
create_tensor: loading tensor blk.21.ffn_gate_inp.scale
create_tensor: loading tensor blk.21.pre_ffw_norm_2.weight
create_tensor: loading tensor blk.21.post_ffw_norm_1.weight
create_tensor: loading tensor blk.21.post_ffw_norm_2.weight
create_tensor: loading tensor blk.21.ffn_gate_up_exps.weight
create_tensor: loading tensor blk.21.ffn_down_exps.weight
create_tensor: loading tensor blk.22.attn_norm.weight
create_tensor: loading tensor blk.22.attn_q.weight
create_tensor: loading tensor blk.22.attn_k.weight
create_tensor: loading tensor blk.22.attn_v.weight
create_tensor: loading tensor blk.22.attn_output.weight
create_tensor: loading tensor blk.22.attn_q_norm.weight
create_tensor: loading tensor blk.22.attn_k_norm.weight
create_tensor: loading tensor blk.22.post_attention_norm.weight
create_tensor: loading tensor blk.22.layer_output_scale.weight
create_tensor: loading tensor blk.22.ffn_norm.weight
create_tensor: loading tensor blk.22.ffn_gate.weight
create_tensor: loading tensor blk.22.ffn_up.weight
create_tensor: loading tensor blk.22.ffn_down.weight
create_tensor: loading tensor blk.22.post_ffw_norm.weight
create_tensor: loading tensor blk.22.ffn_gate_inp.weight
create_tensor: loading tensor blk.22.ffn_gate_inp.scale
create_tensor: loading tensor blk.22.pre_ffw_norm_2.weight
create_tensor: loading tensor blk.22.post_ffw_norm_1.weight
create_tensor: loading tensor blk.22.post_ffw_norm_2.weight
create_tensor: loading tensor blk.22.ffn_gate_up_exps.weight
create_tensor: loading tensor blk.22.ffn_down_exps.weight
create_tensor: loading tensor blk.23.attn_norm.weight
create_tensor: loading tensor blk.23.attn_q.weight
create_tensor: loading tensor blk.23.attn_k.weight
create_tensor: loading tensor blk.23.attn_output.weight
create_tensor: loading tensor blk.23.attn_q_norm.weight
create_tensor: loading tensor blk.23.attn_k_norm.weight
create_tensor: loading tensor blk.23.post_attention_norm.weight
create_tensor: loading tensor blk.23.layer_output_scale.weight
create_tensor: loading tensor blk.23.ffn_norm.weight
create_tensor: loading tensor blk.23.ffn_gate.weight
create_tensor: loading tensor blk.23.ffn_up.weight
create_tensor: loading tensor blk.23.ffn_down.weight
create_tensor: loading tensor blk.23.post_ffw_norm.weight
create_tensor: loading tensor blk.23.ffn_gate_inp.weight
create_tensor: loading tensor blk.23.ffn_gate_inp.scale
create_tensor: loading tensor blk.23.pre_ffw_norm_2.weight
create_tensor: loading tensor blk.23.post_ffw_norm_1.weight
create_tensor: loading tensor blk.23.post_ffw_norm_2.weight
create_tensor: loading tensor blk.23.ffn_gate_up_exps.weight
create_tensor: loading tensor blk.23.ffn_down_exps.weight
create_tensor: loading tensor blk.24.attn_norm.weight
create_tensor: loading tensor blk.24.attn_q.weight
create_tensor: loading tensor blk.24.attn_k.weight
create_tensor: loading tensor blk.24.attn_v.weight
create_tensor: loading tensor blk.24.attn_output.weight
create_tensor: loading tensor blk.24.attn_q_norm.weight
create_tensor: loading tensor blk.24.attn_k_norm.weight
create_tensor: loading tensor blk.24.post_attention_norm.weight
create_tensor: loading tensor blk.24.layer_output_scale.weight
create_tensor: loading tensor blk.24.ffn_norm.weight
create_tensor: loading tensor blk.24.ffn_gate.weight
create_tensor: loading tensor blk.24.ffn_up.weight
create_tensor: loading tensor blk.24.ffn_down.weight
create_tensor: loading tensor blk.24.post_ffw_norm.weight
create_tensor: loading tensor blk.24.ffn_gate_inp.weight
create_tensor: loading tensor blk.24.ffn_gate_inp.scale
create_tensor: loading tensor blk.24.pre_ffw_norm_2.weight
create_tensor: loading tensor blk.24.post_ffw_norm_1.weight
create_tensor: loading tensor blk.24.post_ffw_norm_2.weight
create_tensor: loading tensor blk.24.ffn_gate_up_exps.weight
create_tensor: loading tensor blk.24.ffn_down_exps.weight
create_tensor: loading tensor blk.25.attn_norm.weight
create_tensor: loading tensor blk.25.attn_q.weight
create_tensor: loading tensor blk.25.attn_k.weight
create_tensor: loading tensor blk.25.attn_v.weight
create_tensor: loading tensor blk.25.attn_output.weight
create_tensor: loading tensor blk.25.attn_q_norm.weight
create_tensor: loading tensor blk.25.attn_k_norm.weight
create_tensor: loading tensor blk.25.post_attention_norm.weight
create_tensor: loading tensor blk.25.layer_output_scale.weight
create_tensor: loading tensor blk.25.ffn_norm.weight
create_tensor: loading tensor blk.25.ffn_gate.weight
create_tensor: loading tensor blk.25.ffn_up.weight
create_tensor: loading tensor blk.25.ffn_down.weight
create_tensor: loading tensor blk.25.post_ffw_norm.weight
create_tensor: loading tensor blk.25.ffn_gate_inp.weight
create_tensor: loading tensor blk.25.ffn_gate_inp.scale
create_tensor: loading tensor blk.25.pre_ffw_norm_2.weight
create_tensor: loading tensor blk.25.post_ffw_norm_1.weight
create_tensor: loading tensor blk.25.post_ffw_norm_2.weight
create_tensor: loading tensor blk.25.ffn_gate_up_exps.weight
create_tensor: loading tensor blk.25.ffn_down_exps.weight
create_tensor: loading tensor blk.26.attn_norm.weight
create_tensor: loading tensor blk.26.attn_q.weight
create_tensor: loading tensor blk.26.attn_k.weight
create_tensor: loading tensor blk.26.attn_v.weight
create_tensor: loading tensor blk.26.attn_output.weight
create_tensor: loading tensor blk.26.attn_q_norm.weight
create_tensor: loading tensor blk.26.attn_k_norm.weight
create_tensor: loading tensor blk.26.post_attention_norm.weight
create_tensor: loading tensor blk.26.layer_output_scale.weight
create_tensor: loading tensor blk.26.ffn_norm.weight
create_tensor: loading tensor blk.26.ffn_gate.weight
create_tensor: loading tensor blk.26.ffn_up.weight
create_tensor: loading tensor blk.26.ffn_down.weight
create_tensor: loading tensor blk.26.post_ffw_norm.weight
create_tensor: loading tensor blk.26.ffn_gate_inp.weight
create_tensor: loading tensor blk.26.ffn_gate_inp.scale
create_tensor: loading tensor blk.26.pre_ffw_norm_2.weight
create_tensor: loading tensor blk.26.post_ffw_norm_1.weight
create_tensor: loading tensor blk.26.post_ffw_norm_2.weight
create_tensor: loading tensor blk.26.ffn_gate_up_exps.weight
create_tensor: loading tensor blk.26.ffn_down_exps.weight
create_tensor: loading tensor blk.27.attn_norm.weight
create_tensor: loading tensor blk.27.attn_q.weight
create_tensor: loading tensor blk.27.attn_k.weight
create_tensor: loading tensor blk.27.attn_v.weight
create_tensor: loading tensor blk.27.attn_output.weight
create_tensor: loading tensor blk.27.attn_q_norm.weight
create_tensor: loading tensor blk.27.attn_k_norm.weight
create_tensor: loading tensor blk.27.post_attention_norm.weight
create_tensor: loading tensor blk.27.layer_output_scale.weight
create_tensor: loading tensor blk.27.ffn_norm.weight
create_tensor: loading tensor blk.27.ffn_gate.weight
create_tensor: loading tensor blk.27.ffn_up.weight
create_tensor: loading tensor blk.27.ffn_down.weight
create_tensor: loading tensor blk.27.post_ffw_norm.weight
create_tensor: loading tensor blk.27.ffn_gate_inp.weight
create_tensor: loading tensor blk.27.ffn_gate_inp.scale
create_tensor: loading tensor blk.27.pre_ffw_norm_2.weight
create_tensor: loading tensor blk.27.post_ffw_norm_1.weight
create_tensor: loading tensor blk.27.post_ffw_norm_2.weight
create_tensor: loading tensor blk.27.ffn_gate_up_exps.weight
create_tensor: loading tensor blk.27.ffn_down_exps.weight
create_tensor: loading tensor blk.28.attn_norm.weight
create_tensor: loading tensor blk.28.attn_q.weight
create_tensor: loading tensor blk.28.attn_k.weight
create_tensor: loading tensor blk.28.attn_v.weight
create_tensor: loading tensor blk.28.attn_output.weight
create_tensor: loading tensor blk.28.attn_q_norm.weight
create_tensor: loading tensor blk.28.attn_k_norm.weight
create_tensor: loading tensor blk.28.post_attention_norm.weight
create_tensor: loading tensor blk.28.layer_output_scale.weight
create_tensor: loading tensor blk.28.ffn_norm.weight
create_tensor: loading tensor blk.28.ffn_gate.weight
create_tensor: loading tensor blk.28.ffn_up.weight
create_tensor: loading tensor blk.28.ffn_down.weight
create_tensor: loading tensor blk.28.post_ffw_norm.weight
create_tensor: loading tensor blk.28.ffn_gate_inp.weight
create_tensor: loading tensor blk.28.ffn_gate_inp.scale
create_tensor: loading tensor blk.28.pre_ffw_norm_2.weight
create_tensor: loading tensor blk.28.post_ffw_norm_1.weight
create_tensor: loading tensor blk.28.post_ffw_norm_2.weight
create_tensor: loading tensor blk.28.ffn_gate_up_exps.weight
create_tensor: loading tensor blk.28.ffn_down_exps.weight
create_tensor: loading tensor blk.29.attn_norm.weight
create_tensor: loading tensor blk.29.attn_q.weight
create_tensor: loading tensor blk.29.attn_k.weight
create_tensor: loading tensor blk.29.attn_output.weight
create_tensor: loading tensor blk.29.attn_q_norm.weight
create_tensor: loading tensor blk.29.attn_k_norm.weight
create_tensor: loading tensor blk.29.post_attention_norm.weight
create_tensor: loading tensor blk.29.layer_output_scale.weight
create_tensor: loading tensor blk.29.ffn_norm.weight
create_tensor: loading tensor blk.29.ffn_gate.weight
create_tensor: loading tensor blk.29.ffn_up.weight
create_tensor: loading tensor blk.29.ffn_down.weight
create_tensor: loading tensor blk.29.post_ffw_norm.weight
create_tensor: loading tensor blk.29.ffn_gate_inp.weight
create_tensor: loading tensor blk.29.ffn_gate_inp.scale
create_tensor: loading tensor blk.29.pre_ffw_norm_2.weight
create_tensor: loading tensor blk.29.post_ffw_norm_1.weight
create_tensor: loading tensor blk.29.post_ffw_norm_2.weight
create_tensor: loading tensor blk.29.ffn_gate_up_exps.weight
create_tensor: loading tensor blk.29.ffn_down_exps.weight
create_tensor: loading tensor blk.0.ffn_down_exps.scale
create_tensor: loading tensor blk.1.ffn_down_exps.scale
create_tensor: loading tensor blk.2.ffn_down_exps.scale
create_tensor: loading tensor blk.3.ffn_down_exps.scale
create_tensor: loading tensor blk.4.ffn_down_exps.scale
create_tensor: loading tensor blk.5.ffn_down_exps.scale
create_tensor: loading tensor blk.6.ffn_down_exps.scale
create_tensor: loading tensor blk.7.ffn_down_exps.scale
create_tensor: loading tensor blk.8.ffn_down_exps.scale
create_tensor: loading tensor blk.9.ffn_down_exps.scale
create_tensor: loading tensor blk.10.ffn_down_exps.scale
create_tensor: loading tensor blk.11.ffn_down_exps.scale
create_tensor: loading tensor blk.12.ffn_down_exps.scale
create_tensor: loading tensor blk.13.ffn_down_exps.scale
create_tensor: loading tensor blk.14.ffn_down_exps.scale
create_tensor: loading tensor blk.15.ffn_down_exps.scale
create_tensor: loading tensor blk.16.ffn_down_exps.scale
create_tensor: loading tensor blk.17.ffn_down_exps.scale
create_tensor: loading tensor blk.18.ffn_down_exps.scale
create_tensor: loading tensor blk.19.ffn_down_exps.scale
create_tensor: loading tensor blk.20.ffn_down_exps.scale
create_tensor: loading tensor blk.21.ffn_down_exps.scale
create_tensor: loading tensor blk.22.ffn_down_exps.scale
create_tensor: loading tensor blk.23.ffn_down_exps.scale
create_tensor: loading tensor blk.24.ffn_down_exps.scale
create_tensor: loading tensor blk.25.ffn_down_exps.scale
create_tensor: loading tensor blk.26.ffn_down_exps.scale
create_tensor: loading tensor blk.27.ffn_down_exps.scale
create_tensor: loading tensor blk.28.ffn_down_exps.scale
create_tensor: loading tensor blk.29.ffn_down_exps.scale
done_getting_tensors: tensor 'token_embd.weight' (q6_K) (and 0 others) cannot be used with preferred buffer type CPU_REPACK, using CPU instead
ggml_metal_log_allocated_size: allocated buffer, size = 16002.86 MiB, (16003.23 / 25559.05)
load_tensors: offloading output layer to GPU
load_tensors: offloading 29 repeating layers to GPU
load_tensors: offloaded 31/31 layers to GPU
load_tensors:   CPU_Mapped model buffer size =   577.50 MiB
load_tensors:  MTL0_Mapped model buffer size = 16002.84 MiB
....................................................................
llama_context: constructing llama_context
llama_context: n_seq_max     = 1
llama_context: n_ctx         = 8192
llama_context: n_ctx_seq     = 8192
llama_context: n_batch       = 512
llama_context: n_ubatch      = 512
llama_context: causal_attn   = 1
llama_context: flash_attn    = disabled
llama_context: kv_unified    = false
llama_context: freq_base     = 1000000.0
llama_context: freq_scale    = 1
llama_context: n_ctx_seq (8192) < n_ctx_train (262144) -- the full capacity of the model will not be utilized
ggml_metal_init: allocating
ggml_metal_init: found device: Apple M2 Max
ggml_metal_init: picking default device: Apple M2 Max
ggml_metal_init: use fusion         = true
ggml_metal_init: use concurrency    = true
ggml_metal_init: use graph optimize = true
set_abort_callback: call
llama_context:        CPU  output buffer size =     1.00 MiB
llama_kv_cache_iswa: using full-size SWA cache (ref: https://github.com/ggml-org/llama.cpp/pull/13194#issuecomment-2868343055)
llama_kv_cache_iswa: creating non-SWA KV cache, size = 8192 cells
llama_kv_cache: the V embeddings have different sizes across layers and FA is not enabled - padding V cache to 2048
llama_kv_cache: layer   0: filtered
llama_kv_cache: layer   1: filtered
llama_kv_cache: layer   2: filtered
llama_kv_cache: layer   3: filtered
llama_kv_cache: layer   4: filtered
llama_kv_cache: layer   5: dev = MTL0
llama_kv_cache: layer   6: filtered
llama_kv_cache: layer   7: filtered
llama_kv_cache: layer   8: filtered
llama_kv_cache: layer   9: filtered
llama_kv_cache: layer  10: filtered
llama_kv_cache: layer  11: dev = MTL0
llama_kv_cache: layer  12: filtered
llama_kv_cache: layer  13: filtered
llama_kv_cache: layer  14: filtered
llama_kv_cache: layer  15: filtered
llama_kv_cache: layer  16: filtered
llama_kv_cache: layer  17: dev = MTL0
llama_kv_cache: layer  18: filtered
llama_kv_cache: layer  19: filtered
llama_kv_cache: layer  20: filtered
llama_kv_cache: layer  21: filtered
llama_kv_cache: layer  22: filtered
llama_kv_cache: layer  23: dev = MTL0
llama_kv_cache: layer  24: filtered
llama_kv_cache: layer  25: filtered
llama_kv_cache: layer  26: filtered
llama_kv_cache: layer  27: filtered
llama_kv_cache: layer  28: filtered
llama_kv_cache: layer  29: dev = MTL0
llama_kv_cache: reusing layers:
llama_kv_cache: - layer   0: no reuse
llama_kv_cache: - layer   1: no reuse
llama_kv_cache: - layer   2: no reuse
llama_kv_cache: - layer   3: no reuse
llama_kv_cache: - layer   4: no reuse
llama_kv_cache: - layer   5: no reuse
llama_kv_cache: - layer   6: no reuse
llama_kv_cache: - layer   7: no reuse
llama_kv_cache: - layer   8: no reuse
llama_kv_cache: - layer   9: no reuse
llama_kv_cache: - layer  10: no reuse
llama_kv_cache: - layer  11: no reuse
llama_kv_cache: - layer  12: no reuse
llama_kv_cache: - layer  13: no reuse
llama_kv_cache: - layer  14: no reuse
llama_kv_cache: - layer  15: no reuse
llama_kv_cache: - layer  16: no reuse
llama_kv_cache: - layer  17: no reuse
llama_kv_cache: - layer  18: no reuse
llama_kv_cache: - layer  19: no reuse
llama_kv_cache: - layer  20: no reuse
llama_kv_cache: - layer  21: no reuse
llama_kv_cache: - layer  22: no reuse
llama_kv_cache: - layer  23: no reuse
llama_kv_cache: - layer  24: no reuse
llama_kv_cache: - layer  25: no reuse
llama_kv_cache: - layer  26: no reuse
llama_kv_cache: - layer  27: no reuse
llama_kv_cache: - layer  28: no reuse
llama_kv_cache: - layer  29: no reuse
llama_kv_cache:       MTL0 KV buffer size =   240.00 MiB
llama_kv_cache: size =  240.00 MiB (  8192 cells,   5 layers,  1/1 seqs), K (f16):   80.00 MiB, V (f16):  160.00 MiB
llama_kv_cache: attn_rot_k = 0, n_embd_head_k_all = 512
llama_kv_cache: attn_rot_v = 0, n_embd_head_k_all = 512
llama_kv_cache_iswa: creating     SWA KV cache, size = 8192 cells
llama_kv_cache: the V embeddings have different sizes across layers and FA is not enabled - padding V cache to 2048
llama_kv_cache: layer   0: dev = MTL0
llama_kv_cache: layer   1: dev = MTL0
llama_kv_cache: layer   2: dev = MTL0
llama_kv_cache: layer   3: dev = MTL0
llama_kv_cache: layer   4: dev = MTL0
llama_kv_cache: layer   5: filtered
llama_kv_cache: layer   6: dev = MTL0
llama_kv_cache: layer   7: dev = MTL0
llama_kv_cache: layer   8: dev = MTL0
llama_kv_cache: layer   9: dev = MTL0
llama_kv_cache: layer  10: dev = MTL0
llama_kv_cache: layer  11: filtered
llama_kv_cache: layer  12: dev = MTL0
llama_kv_cache: layer  13: dev = MTL0
llama_kv_cache: layer  14: dev = MTL0
llama_kv_cache: layer  15: dev = MTL0
llama_kv_cache: layer  16: dev = MTL0
llama_kv_cache: layer  17: filtered
llama_kv_cache: layer  18: dev = MTL0
llama_kv_cache: layer  19: dev = MTL0
llama_kv_cache: layer  20: dev = MTL0
llama_kv_cache: layer  21: dev = MTL0
llama_kv_cache: layer  22: dev = MTL0
llama_kv_cache: layer  23: filtered
llama_kv_cache: layer  24: dev = MTL0
llama_kv_cache: layer  25: dev = MTL0
llama_kv_cache: layer  26: dev = MTL0
llama_kv_cache: layer  27: dev = MTL0
llama_kv_cache: layer  28: dev = MTL0
llama_kv_cache: layer  29: filtered
llama_kv_cache: reusing layers:
llama_kv_cache: - layer   0: no reuse
llama_kv_cache: - layer   1: no reuse
llama_kv_cache: - layer   2: no reuse
llama_kv_cache: - layer   3: no reuse
llama_kv_cache: - layer   4: no reuse
llama_kv_cache: - layer   5: no reuse
llama_kv_cache: - layer   6: no reuse
llama_kv_cache: - layer   7: no reuse
llama_kv_cache: - layer   8: no reuse
llama_kv_cache: - layer   9: no reuse
llama_kv_cache: - layer  10: no reuse
llama_kv_cache: - layer  11: no reuse
llama_kv_cache: - layer  12: no reuse
llama_kv_cache: - layer  13: no reuse
llama_kv_cache: - layer  14: no reuse
llama_kv_cache: - layer  15: no reuse
llama_kv_cache: - layer  16: no reuse
llama_kv_cache: - layer  17: no reuse
llama_kv_cache: - layer  18: no reuse
llama_kv_cache: - layer  19: no reuse
llama_kv_cache: - layer  20: no reuse
llama_kv_cache: - layer  21: no reuse
llama_kv_cache: - layer  22: no reuse
llama_kv_cache: - layer  23: no reuse
llama_kv_cache: - layer  24: no reuse
llama_kv_cache: - layer  25: no reuse
llama_kv_cache: - layer  26: no reuse
llama_kv_cache: - layer  27: no reuse
llama_kv_cache: - layer  28: no reuse
llama_kv_cache: - layer  29: no reuse
llama_kv_cache:       MTL0 KV buffer size =  1600.00 MiB
llama_kv_cache: size = 1600.00 MiB (  8192 cells,  25 layers,  1/1 seqs), K (f16):  800.00 MiB, V (f16):  800.00 MiB
llama_kv_cache: attn_rot_k = 0, n_embd_head_k_all = 256
llama_kv_cache: attn_rot_v = 0, n_embd_head_k_all = 256
llama_context: enumerating backends
llama_context: backend_ptrs.size() = 3
sched_reserve: reserving ...
sched_reserve: max_nodes = 5272
sched_reserve: reserving full memory module
sched_reserve: worst-case: n_tokens = 512, n_seqs = 1, n_outputs = 1
sched_reserve: resolving fused Gated Delta Net support:
graph_reserve: reserving a graph for ubatch with n_tokens =    1, n_seqs =  1, n_outputs =    1
sched_reserve: fused Gated Delta Net (autoregressive) enabled
graph_reserve: reserving a graph for ubatch with n_tokens =   16, n_seqs =  1, n_outputs =   16
sched_reserve: fused Gated Delta Net (chunked) enabled
graph_reserve: reserving a graph for ubatch with n_tokens =  512, n_seqs =  1, n_outputs =  512
graph_reserve: reserving a graph for ubatch with n_tokens =    1, n_seqs =  1, n_outputs =    1
graph_reserve: reserving a graph for ubatch with n_tokens =  512, n_seqs =  1, n_outputs =  512
sched_reserve:       MTL0 compute buffer size =   517.50 MiB
sched_reserve:        CPU compute buffer size =    59.01 MiB
sched_reserve: graph nodes  = 2800
sched_reserve: graph splits = 2
sched_reserve: reserve took 67.38 ms, sched copies = 1
MTL : EMBED_LIBRARY = 1 | CPU : NEON = 1 | ARM_FMA = 1 | FP16_VA = 1 | MATMUL_INT8 = 1 | DOTPROD = 1 | ACCELERATE = 1 | REPACK = 1 | 
Model metadata: {'general.quantization_version': '2', 'tokenizer.ggml.mask_token_id': '4', 'tokenizer.ggml.eos_token_id': '1', 'tokenizer.ggml.model': 'gemma4', 'gemma4.rope.dimension_count_swa': '256', 'gemma4.rope.dimension_count': '512', 'tokenizer.ggml.add_bos_token': 'false', 'gemma4.expert_feed_forward_length': '704', 'general.name': 'Gemma 4 26B A4B', 'gemma4.attention.sliding_window': '1024', 'general.sampling.temp': '1.000000', 'gemma4.attention.layer_norm_rms_epsilon': '0.000001', 'general.size_label': '26B-A4B', 'gemma4.attention.key_length': '512', 'gemma4.rope.freq_base_swa': '10000.000000', 'gemma4.attention.head_count': '16', 'tokenizer.chat_template': '{%- macro format_parameters(properties, required) -%}\n    {%- set standard_keys = [\'description\', \'type\', \'properties\', \'required\', \'nullable\'] -%}\n    {%- set ns = namespace(found_first=false) -%}\n    {%- for key, value in properties | dictsort -%}\n        {%- set add_comma = false -%}\n        {%- if key not in standard_keys -%}\n            {%- if ns.found_first %},{% endif -%}\n            {%- set ns.found_first = true -%}\n            {{ key }}:{\n            {%- if value[\'description\'] -%}\n                description:<|"|>{{ value[\'description\'] }}<|"|>\n                {%- set add_comma = true -%}\n            {%- endif -%}\n            {%- if value[\'nullable\'] %}\n                {%- if add_comma %},{%- else -%} {%- set add_comma = true -%} {% endif -%}\n                nullable:true\n            {%- endif -%}\n            {%- if value[\'type\'] | upper == \'STRING\' -%}\n                {%- if value[\'enum\'] -%}\n                    {%- if add_comma %},{%- else -%} {%- set add_comma = true -%} {% endif -%}\n                    enum:{{ format_argument(value[\'enum\']) }}\n                {%- endif -%}\n            {%- elif value[\'type\'] | upper == \'OBJECT\' -%}\n                ,properties:{\n                {%- if value[\'properties\'] is defined and value[\'properties\'] is mapping -%}\n                    {{- format_parameters(value[\'properties\'], value[\'required\'] | default([])) -}}\n                {%- elif value is mapping -%}\n                    {{- format_parameters(value, value[\'required\'] | default([])) -}}\n                {%- endif -%}\n                }\n                {%- if value[\'required\'] -%}\n                    ,required:[\n                    {%- for item in value[\'required\'] | default([]) -%}\n                        <|"|>{{- item -}}<|"|>\n                        {%- if not loop.last %},{% endif -%}\n                    {%- endfor -%}\n                    ]\n                {%- endif -%}\n            {%- elif value[\'type\'] | upper == \'ARRAY\' -%}\n                {%- if value[\'items\'] is mapping and value[\'items\'] -%}\n                    ,items:{\n                    {%- set ns_items = namespace(found_first=false) -%}\n                    {%- for item_key, item_value in value[\'items\'] | dictsort -%}\n                        {%- if item_value is not none -%}\n                            {%- if ns_items.found_first %},{% endif -%}\n                            {%- set ns_items.found_first = true -%}\n                            {%- if item_key == \'properties\' -%}\n                                properties:{\n                                {%- if item_value is mapping -%}\n                                    {{- format_parameters(item_value, value[\'items\'][\'required\'] | default([])) -}}\n                                {%- endif -%}\n                                }\n                            {%- elif item_key == \'required\' -%}\n                                required:[\n                                {%- for req_item in item_value -%}\n                                    <|"|>{{- req_item -}}<|"|>\n                                    {%- if not loop.last %},{% endif -%}\n                                {%- endfor -%}\n                                ]\n                            {%- elif item_key == \'type\' -%}\n                                {%- if item_value is string -%}\n                                    type:{{ format_argument(item_value | upper) }}\n                                {%- else -%}\n                                    type:{{ format_argument(item_value | map(\'upper\') | list) }}\n                                {%- endif -%}\n                            {%- else -%}\n                                {{ item_key }}:{{ format_argument(item_value) }}\n                            {%- endif -%}\n                        {%- endif -%}\n                    {%- endfor -%}\n                    }\n                {%- endif -%}\n            {%- endif -%}\n            {%- if add_comma %},{%- else -%} {%- set add_comma = true -%} {% endif -%}\n            type:<|"|>{{ value[\'type\'] | upper }}<|"|>}\n        {%- endif -%}\n    {%- endfor -%}\n{%- endmacro -%}\n{%- macro format_function_declaration(tool_data) -%}\n    declaration:{{- tool_data[\'function\'][\'name\'] -}}{description:<|"|>{{- tool_data[\'function\'][\'description\'] -}}<|"|>\n    {%- set params = tool_data[\'function\'][\'parameters\'] -%}\n    {%- if params -%}\n        ,parameters:{\n        {%- if params[\'properties\'] -%}\n            properties:{ {{- format_parameters(params[\'properties\'], params[\'required\']) -}} },\n        {%- endif -%}\n        {%- if params[\'required\'] -%}\n            required:[\n            {%- for item in params[\'required\'] -%}\n                <|"|>{{- item -}}<|"|>\n                {{- \',\' if not loop.last -}}\n            {%- endfor -%}\n            ],\n        {%- endif -%}\n        {%- if params[\'type\'] -%}\n            type:<|"|>{{- params[\'type\'] | upper -}}<|"|>}\n        {%- endif -%}\n    {%- endif -%}\n    {%- if \'response\' in tool_data[\'function\'] -%}\n        {%- set response_declaration = tool_data[\'function\'][\'response\'] -%}\n        ,response:{\n        {%- if response_declaration[\'description\'] -%}\n            description:<|"|>{{- response_declaration[\'description\'] -}}<|"|>,\n        {%- endif -%}\n        {%- if response_declaration[\'type\'] | upper == \'OBJECT\' -%}\n            type:<|"|>{{- response_declaration[\'type\'] | upper -}}<|"|>}\n        {%- endif -%}\n    {%- endif -%}\n    }\n{%- endmacro -%}\n{%- macro format_argument(argument, escape_keys=True) -%}\n    {%- if argument is string -%}\n        {{- \'<|"|>\' + argument + \'<|"|>\' -}}\n    {%- elif argument is boolean -%}\n        {{- \'true\' if argument else \'false\' -}}\n    {%- elif argument is mapping -%}\n        {{- \'{\' -}}\n        {%- set ns = namespace(found_first=false) -%}\n        {%- for key, value in argument | dictsort -%}\n            {%- if ns.found_first %},{% endif -%}\n            {%- set ns.found_first = true -%}\n            {%- if escape_keys -%}\n                {{- \'<|"|>\' + key + \'<|"|>\' -}}\n            {%- else -%}\n                {{- key -}}\n            {%- endif -%}\n            :{{- format_argument(value, escape_keys=escape_keys) -}}\n        {%- endfor -%}\n        {{- \'}\' -}}\n    {%- elif argument is sequence -%}\n        {{- \'[\' -}}\n        {%- for item in argument -%}\n            {{- format_argument(item, escape_keys=escape_keys) -}}\n            {%- if not loop.last %},{% endif -%}\n        {%- endfor -%}\n        {{- \']\' -}}\n    {%- else -%}\n        {{- argument -}}\n    {%- endif -%}\n{%- endmacro -%}\n{%- macro strip_thinking(text) -%}\n    {%- set ns = namespace(result=\'\') -%}\n    {%- for part in text.split(\'<channel|>\') -%}\n        {%- if \'<|channel>\' in part -%}\n            {%- set ns.result = ns.result + part.split(\'<|channel>\')[0] -%}\n        {%- else -%}\n            {%- set ns.result = ns.result + part -%}\n        {%- endif -%}\n    {%- endfor -%}\n    {{- ns.result | trim -}}\n{%- endmacro -%}\n\n{%- set ns = namespace(prev_message_type=None) -%}\n{%- set loop_messages = messages -%}\n{{ bos_token }}\n{#- Handle System/Tool Definitions Block -#}\n{%- if (enable_thinking is defined and enable_thinking) or tools or messages[0][\'role\'] in [\'system\', \'developer\'] -%}\n    {{- \'<|turn>system\\n\' -}}\n\n    {#- Inject Thinking token at the very top of the FIRST system turn -#}\n    {%- if enable_thinking is defined and enable_thinking -%}\n        {{- \'<|think|>\' -}}\n        {%- set ns.prev_message_type = \'think\' -%}\n    {%- endif -%}\n\n    {%- if messages[0][\'role\'] in [\'system\', \'developer\'] -%}\n        {{- messages[0][\'content\'] | trim -}}\n        {%- set loop_messages = messages[1:] -%}\n    {%- endif -%}\n\n    {%- if tools -%}\n        {%- for tool in tools %}\n            {{- \'<|tool>\' -}}\n            {{- format_function_declaration(tool) | trim -}}\n            {{- \'<tool|>\' -}}\n        {%- endfor %}\n        {%- set ns.prev_message_type = \'tool\' -%}\n    {%- endif -%}\n\n    {{- \'<turn|>\\n\' -}}\n{%- endif %}\n\n{#- Loop through messages -#}\n{%- for message in loop_messages -%}\n    {%- set ns.prev_message_type = None -%}\n    {%- set role = \'model\' if message[\'role\'] == \'assistant\' else message[\'role\'] -%}\n        {{- \'<|turn>\' + role + \'\\n\' }}\n\n            {%- if message[\'tool_calls\'] -%}\n                {%- for tool_call in message[\'tool_calls\'] -%}\n                    {%- set function = tool_call[\'function\'] -%}\n                    {{- \'<|tool_call>call:\' + function[\'name\'] + \'{\' -}}\n                    {%- if function[\'arguments\'] is mapping -%}\n                        {%- set ns_args = namespace(found_first=false) -%}\n                        {%- for key, value in function[\'arguments\'] | dictsort -%}\n                            {%- if ns_args.found_first %},{% endif -%}\n                            {%- set ns_args.found_first = true -%}\n                            {{- key -}}:{{- format_argument(value, escape_keys=False) -}}\n                        {%- endfor -%}\n                    {%- elif function[\'arguments\'] is string -%}\n                        {{- function[\'arguments\'] -}}\n                    {%- endif -%}\n                    {{- \'}<tool_call|>\' -}}\n                {%- endfor -%}\n                {%- set ns.prev_message_type = \'tool_call\' -%}\n            {%- endif -%}\n\n            {%- if message[\'tool_responses\'] -%}\n                {#- Tool Response handling -#}\n                {%- for tool_response in message[\'tool_responses\'] -%}\n                    {{- \'<|tool_response>\' -}}\n                    {%- if tool_response[\'response\'] is mapping -%}\n                        {{- \'response:\' + tool_response[\'name\'] | default(\'unknown\') + \'{\' -}}\n                        {%- for key, value in tool_response[\'response\'] | dictsort -%}\n                            {{- key -}}:{{- format_argument(value, escape_keys=False) -}}\n                            {%- if not loop.last %},{% endif -%}\n                        {%- endfor -%}\n                        {{- \'}\' -}}\n                    {%- else -%}\n                        {{- \'response:\' + tool_response[\'name\'] | default(\'unknown\') + \'{value:\' + format_argument(tool_response[\'response\'], escape_keys=False) + \'}\' -}}\n                    {%- endif -%}\n                    {{- \'<tool_response|>\' -}}\n                {%- endfor -%}\n                {%- set ns.prev_message_type = \'tool_response\' -%}\n            {%- endif -%}\n\n            {%- if message[\'content\'] is string -%}\n                {%- if role == \'model\' -%}\n                    {{- strip_thinking(message[\'content\']) -}}\n                {%- else -%}\n                    {{- message[\'content\'] | trim -}}\n                {%- endif -%}\n            {%- elif message[\'content\'] is sequence -%}\n                {%- for item in message[\'content\'] -%}\n                    {%- if item[\'type\'] == \'text\' -%}\n                        {%- if role == \'model\' -%}\n                            {{- strip_thinking(item[\'text\']) -}}\n                        {%- else -%}\n                            {{- item[\'text\'] | trim -}}\n                        {%- endif -%}\n                    {%- elif item[\'type\'] == \'image\' -%}\n                        {{- \'\\n\\n<|image|>\\n\\n\' -}}\n                        {%- set ns.prev_message_type = \'image\' -%}\n                    {%- elif item[\'type\'] == \'audio\' -%}\n                        {{- \'<|audio|>\' -}}\n                        {%- set ns.prev_message_type = \'audio\' -%}\n                    {%- elif item[\'type\'] == \'video\' -%}\n                        {{- \'\\n\\n<|video|>\\n\\n\' -}}\n                        {%- set ns.prev_message_type = \'video\' -%}\n                    {%- endif -%}\n                {%- endfor -%}\n            {%- endif -%}\n\n        {%- if not (message[\'tool_responses\'] and not message[\'content\']) -%}\n            {{- \'<turn|>\\n\' -}}\n        {%- endif -%}\n{%- endfor -%}\n\n{%- if add_generation_prompt -%}\n    {%- if ns.prev_message_type != \'tool_response\' -%}\n        {{- \'<|turn>model\\n\' -}}\n    {%- endif -%}\n    {%- if not enable_thinking | default(false) -%}\n        {{- \'<|channel>thought\\n<channel|>\' -}}\n    {%- endif -%}\n{%- endif -%}\n', 'gemma4.attention.shared_kv_layers': '0', 'gemma4.final_logit_softcapping': '30.000000', 'gemma4.attention.key_length_swa': '256', 'gemma4.context_length': '262144', 'general.file_type': '15', 'general.finetune': 'it', 'gemma4.embedding_length': '2816', 'gemma4.embedding_length_per_layer_input': '0', 'gemma4.expert_count': '128', 'tokenizer.ggml.add_space_prefix': 'false', 'general.architecture': 'gemma4', 'tokenizer.ggml.padding_token_id': '0', 'general.sampling.top_k': '64', 'gemma4.block_count': '30', 'gemma4.rope.freq_base': '1000000.000000', 'gemma4.expert_used_count': '8', 'gemma4.feed_forward_length': '2112', 'tokenizer.ggml.bos_token_id': '2', 'gemma4.attention.value_length_swa': '256', 'general.type': 'model', 'tokenizer.ggml.unknown_token_id': '3', 'general.sampling.top_p': '0.950000', 'gemma4.attention.value_length': '512'}
Available chat formats from metadata: chat_template.default
INFO:     Started server process [10026]
INFO:     Waiting for application startup.
INFO:     Application startup complete.
INFO:     Uvicorn running on http://127.0.0.1:11435 (Press CTRL+C to quit)
INFO:     127.0.0.1:51573 - "GET /v1/models HTTP/1.1" 200 OK
INFO:     127.0.0.1:51576 - "GET /api/v1/models HTTP/1.1" 404 Not Found
INFO:     127.0.0.1:51576 - "GET /api/tags HTTP/1.1" 404 Not Found
INFO:     127.0.0.1:51576 - "GET /v1/props HTTP/1.1" 404 Not Found
INFO:     127.0.0.1:51576 - "GET /props HTTP/1.1" 404 Not Found
INFO:     127.0.0.1:51576 - "GET /version HTTP/1.1" 404 Not Found
INFO:     127.0.0.1:51577 - "GET /v1/models HTTP/1.1" 200 OK
INFO:     127.0.0.1:51578 - "POST /api/show HTTP/1.1" 404 Not Found
INFO:     127.0.0.1:51579 - "GET /api/v1/models HTTP/1.1" 404 Not Found
INFO:     127.0.0.1:51579 - "GET /api/tags HTTP/1.1" 404 Not Found
INFO:     127.0.0.1:51579 - "GET /v1/props HTTP/1.1" 404 Not Found
INFO:     127.0.0.1:51579 - "GET /props HTTP/1.1" 404 Not Found
INFO:     127.0.0.1:51579 - "GET /version HTTP/1.1" 404 Not Found
INFO:     127.0.0.1:51580 - "GET /v1/models/gemma-4-26b-a4b HTTP/1.1" 404 Not Found
INFO:     127.0.0.1:51580 - "GET /v1/models HTTP/1.1" 200 OK
INFO:     127.0.0.1:51581 - "GET /api/v1/models HTTP/1.1" 404 Not Found
INFO:     127.0.0.1:51581 - "GET /api/tags HTTP/1.1" 404 Not Found
INFO:     127.0.0.1:51581 - "GET /v1/props HTTP/1.1" 404 Not Found
INFO:     127.0.0.1:51581 - "GET /props HTTP/1.1" 404 Not Found
INFO:     127.0.0.1:51581 - "GET /version HTTP/1.1" 404 Not Found
INFO:     127.0.0.1:51583 - "POST /api/show HTTP/1.1" 404 Not Found
INFO:     127.0.0.1:51584 - "GET /api/v1/models HTTP/1.1" 404 Not Found
INFO:     127.0.0.1:51584 - "GET /api/tags HTTP/1.1" 404 Not Found
INFO:     127.0.0.1:51584 - "GET /v1/props HTTP/1.1" 404 Not Found
INFO:     127.0.0.1:51584 - "GET /props HTTP/1.1" 404 Not Found
INFO:     127.0.0.1:51584 - "GET /version HTTP/1.1" 404 Not Found
INFO:     127.0.0.1:51585 - "GET /v1/models/gemma-4-26b-a4b HTTP/1.1" 404 Not Found
INFO:     127.0.0.1:51585 - "GET /v1/models HTTP/1.1" 200 OK
INFO:     127.0.0.1:51586 - "POST /v1/chat/completions HTTP/1.1" 200 OK
ggml_metal_library_compile_pipeline: compiling pipeline: base = 'kernel_unary_f32_f32_4', name = 'kernel_unary_f32_f32_4_op=10_cnt=0'
ggml_metal_library_compile_pipeline: loaded kernel_unary_f32_f32_4_op=10_cnt=0            0x11c617a90 | th_max = 1024 | th_width =   32
ggml_metal_library_compile_pipeline: compiling pipeline: base = 'kernel_rms_norm_mul_f32_4', name = 'kernel_rms_norm_mul_f32_4'
ggml_metal_library_compile_pipeline: loaded kernel_rms_norm_mul_f32_4                     0x11c618a90 | th_max = 1024 | th_width =   32
ggml_metal_library_compile_pipeline: compiling pipeline: base = 'kernel_mul_mm_q4_K_f32', name = 'kernel_mul_mm_q4_K_f32_bci=0_bco=1'
ggml_metal_library_compile_pipeline: loaded kernel_mul_mm_q4_K_f32_bci=0_bco=1            0x11c61b040 | th_max =  896 | th_width =   32
ggml_metal_library_compile_pipeline: compiling pipeline: base = 'kernel_mul_mm_q6_K_f32', name = 'kernel_mul_mm_q6_K_f32_bci=0_bco=1'
ggml_metal_library_compile_pipeline: loaded kernel_mul_mm_q6_K_f32_bci=0_bco=1            0x11c617790 | th_max =  896 | th_width =   32
ggml_metal_library_compile_pipeline: compiling pipeline: base = 'kernel_rms_norm_f32_4', name = 'kernel_rms_norm_f32_4'
ggml_metal_library_compile_pipeline: loaded kernel_rms_norm_f32_4                         0x11c61bb00 | th_max = 1024 | th_width =   32
ggml_metal_library_compile_pipeline: compiling pipeline: base = 'kernel_rope_neox_f32', name = 'kernel_rope_neox_f32_imrope=0'
ggml_metal_library_compile_pipeline: loaded kernel_rope_neox_f32_imrope=0                 0x12e7106c0 | th_max = 1024 | th_width =   32
ggml_metal_library_compile_pipeline: compiling pipeline: base = 'kernel_set_rows_f16_i64', name = 'kernel_set_rows_f16_i64'
ggml_metal_library_compile_pipeline: loaded kernel_set_rows_f16_i64                       0x11c61a1c0 | th_max = 1024 | th_width =   32
ggml_metal_library_compile_pipeline: compiling pipeline: base = 'kernel_mul_mm_f16_f32', name = 'kernel_mul_mm_f16_f32_bci=0_bco=1'
ggml_metal_library_compile_pipeline: loaded kernel_mul_mm_f16_f32_bci=0_bco=1             0x108b49630 | th_max =  896 | th_width =   32
ggml_metal_library_compile_pipeline: compiling pipeline: base = 'kernel_soft_max_f32_4', name = 'kernel_soft_max_f32_4'
ggml_metal_library_compile_pipeline: loaded kernel_soft_max_f32_4                         0x12f5e1310 | th_max = 1024 | th_width =   32
ggml_metal_library_compile_pipeline: compiling pipeline: base = 'kernel_cpy_f32_f32', name = 'kernel_cpy_f32_f32'
ggml_metal_library_compile_pipeline: loaded kernel_cpy_f32_f32                            0x108b498f0 | th_max = 1024 | th_width =   32
ggml_metal_library_compile_pipeline: compiling pipeline: base = 'kernel_rms_norm_mul_add_f32_4', name = 'kernel_rms_norm_mul_add_f32_4'
ggml_metal_library_compile_pipeline: loaded kernel_rms_norm_mul_add_f32_4                 0x108b4c3a0 | th_max = 1024 | th_width =   32
ggml_metal_library_compile_pipeline: compiling pipeline: base = 'kernel_bin_fuse_f32_f32_f32_4', name = 'kernel_bin_fuse_f32_f32_f32_4_op=2_nf=1_rb=0_cb=0'
ggml_metal_library_compile_pipeline: loaded kernel_bin_fuse_f32_f32_f32_4_op=2_nf=1_rb=0_cb=0      0x11c328490 | th_max = 1024 | th_width =   32
ggml_metal_library_compile_pipeline: compiling pipeline: base = 'kernel_mul_mm_f32_f32', name = 'kernel_mul_mm_f32_f32_bci=0_bco=1'
ggml_metal_library_compile_pipeline: loaded kernel_mul_mm_f32_f32_bci=0_bco=1             0x108b4da50 | th_max =  832 | th_width =   32
ggml_metal_library_compile_pipeline: compiling pipeline: base = 'kernel_argsort_f32_i32_desc', name = 'kernel_argsort_f32_i32_desc'
ggml_metal_library_compile_pipeline: loaded kernel_argsort_f32_i32_desc                   0x108b4d310 | th_max = 1024 | th_width =   32
ggml_metal_library_compile_pipeline: compiling pipeline: base = 'kernel_argsort_merge_f32_i32_desc', name = 'kernel_argsort_merge_f32_i32_desc'
ggml_metal_library_compile_pipeline: loaded kernel_argsort_merge_f32_i32_desc             0x108b4d5a0 | th_max = 1024 | th_width =   32
ggml_metal_library_compile_pipeline: compiling pipeline: base = 'kernel_get_rows_f32', name = 'kernel_get_rows_f32'
ggml_metal_library_compile_pipeline: loaded kernel_get_rows_f32                           0x108b4e580 | th_max = 1024 | th_width =   32
ggml_metal_library_compile_pipeline: compiling pipeline: base = 'kernel_mul_mv_id_q4_K_f32', name = 'kernel_mul_mv_id_q4_K_f32_nsg=2'
ggml_metal_library_compile_pipeline: loaded kernel_mul_mv_id_q4_K_f32_nsg=2               0x108b4fd70 | th_max =  768 | th_width =   32
ggml_metal_library_compile_pipeline: compiling pipeline: base = 'kernel_geglu_f32', name = 'kernel_geglu_f32'
ggml_metal_library_compile_pipeline: loaded kernel_geglu_f32                              0x108b4eac0 | th_max = 1024 | th_width =   32
ggml_metal_library_compile_pipeline: compiling pipeline: base = 'kernel_sum_rows_f32_f32_4', name = 'kernel_sum_rows_f32_f32_4_op=10'
ggml_metal_library_compile_pipeline: loaded kernel_sum_rows_f32_f32_4_op=10               0x108b51320 | th_max = 1024 | th_width =   32
ggml_metal_library_compile_pipeline: compiling pipeline: base = 'kernel_unary_f32_f32', name = 'kernel_unary_f32_f32_op=12_cnt=1'
ggml_metal_library_compile_pipeline: loaded kernel_unary_f32_f32_op=12_cnt=1              0x108b51ac0 | th_max = 1024 | th_width =   32
ggml_metal_library_compile_pipeline: compiling pipeline: base = 'kernel_mul_mv_id_q8_0_f32', name = 'kernel_mul_mv_id_q8_0_f32_nsg=4'
ggml_metal_library_compile_pipeline: loaded kernel_mul_mv_id_q8_0_f32_nsg=4               0x108b53210 | th_max = 1024 | th_width =   32
ggml_metal_library_compile_pipeline: compiling pipeline: base = 'kernel_bin_fuse_f32_f32_f32', name = 'kernel_bin_fuse_f32_f32_f32_op=3_nf=1_rb=0_cb=1'
ggml_metal_library_compile_pipeline: loaded kernel_bin_fuse_f32_f32_f32_op=3_nf=1_rb=0_cb=1      0x108b54280 | th_max = 1024 | th_width =   32
ggml_metal_library_compile_pipeline: compiling pipeline: base = 'kernel_repeat_f32', name = 'kernel_repeat_f32'
ggml_metal_library_compile_pipeline: loaded kernel_repeat_f32                             0x108b52610 | th_max = 1024 | th_width =   32
ggml_metal_library_compile_pipeline: compiling pipeline: base = 'kernel_mul_mm_q8_0_f32', name = 'kernel_mul_mm_q8_0_f32_bci=0_bco=1'
ggml_metal_library_compile_pipeline: loaded kernel_mul_mm_q8_0_f32_bci=0_bco=1            0x108b55060 | th_max =  896 | th_width =   32
ggml_metal_library_compile_pipeline: compiling pipeline: base = 'kernel_bin_fuse_f32_f32_f32', name = 'kernel_bin_fuse_f32_f32_f32_op=2_nf=1_rb=0_cb=1'
ggml_metal_library_compile_pipeline: loaded kernel_bin_fuse_f32_f32_f32_op=2_nf=1_rb=0_cb=1      0x108b569c0 | th_max = 1024 | th_width =   32
ggml_metal_library_compile_pipeline: compiling pipeline: base = 'kernel_bin_fuse_f32_f32_f32_4', name = 'kernel_bin_fuse_f32_f32_f32_4_op=0_nf=7_rb=0_cb=0'
ggml_metal_library_compile_pipeline: loaded kernel_bin_fuse_f32_f32_f32_4_op=0_nf=7_rb=0_cb=0      0x108b55e90 | th_max =  896 | th_width =   32
ggml_metal_library_compile_pipeline: compiling pipeline: base = 'kernel_bin_fuse_f32_f32_f32_4', name = 'kernel_bin_fuse_f32_f32_f32_4_op=0_nf=1_rb=0_cb=0'
ggml_metal_library_compile_pipeline: loaded kernel_bin_fuse_f32_f32_f32_4_op=0_nf=1_rb=0_cb=0      0x108b57500 | th_max = 1024 | th_width =   32
ggml_metal_library_compile_pipeline: compiling pipeline: base = 'kernel_mul_mv_id_q5_0_f32', name = 'kernel_mul_mv_id_q5_0_f32_nsg=2'
ggml_metal_library_compile_pipeline: loaded kernel_mul_mv_id_q5_0_f32_nsg=2               0x11c620ec0 | th_max =  576 | th_width =   32
ggml_metal_library_compile_pipeline: compiling pipeline: base = 'kernel_mul_mm_q5_0_f32', name = 'kernel_mul_mm_q5_0_f32_bci=0_bco=1'
ggml_metal_library_compile_pipeline: loaded kernel_mul_mm_q5_0_f32_bci=0_bco=1            0x11c6218a0 | th_max =  832 | th_width =   32
ggml_metal_library_compile_pipeline: compiling pipeline: base = 'kernel_pad_f32', name = 'kernel_pad_f32'
ggml_metal_library_compile_pipeline: loaded kernel_pad_f32                                0x108b58df0 | th_max = 1024 | th_width =   32
ggml_metal_library_compile_pipeline: compiling pipeline: base = 'kernel_unary_f32_f32_4', name = 'kernel_unary_f32_f32_4_op=100_cnt=0'
ggml_metal_library_compile_pipeline: loaded kernel_unary_f32_f32_4_op=100_cnt=0           0x108b6c200 | th_max = 1024 | th_width =   32
ggml_metal_library_compile_pipeline: compiling pipeline: base = 'kernel_unary_f32_f32_4', name = 'kernel_unary_f32_f32_4_op=10_cnt=1'
ggml_metal_library_compile_pipeline: loaded kernel_unary_f32_f32_4_op=10_cnt=1            0x12f5e4130 | th_max = 1024 | th_width =   32
ggml_metal_library_compile_pipeline: compiling pipeline: base = 'kernel_mul_mv_q4_K_f32', name = 'kernel_mul_mv_q4_K_f32_nsg=2'
ggml_metal_library_compile_pipeline: loaded kernel_mul_mv_q4_K_f32_nsg=2                  0x12f5e3520 | th_max =  768 | th_width =   32
ggml_metal_library_compile_pipeline: compiling pipeline: base = 'kernel_mul_mv_q6_K_f32', name = 'kernel_mul_mv_q6_K_f32_nsg=2'
ggml_metal_library_compile_pipeline: loaded kernel_mul_mv_q6_K_f32_nsg=2                  0x12f5e5820 | th_max = 1024 | th_width =   32
ggml_metal_library_compile_pipeline: compiling pipeline: base = 'kernel_mul_mv_f16_f32_4', name = 'kernel_mul_mv_f16_f32_4_nsg=2'
ggml_metal_library_compile_pipeline: loaded kernel_mul_mv_f16_f32_4_nsg=2                 0x11c327e70 | th_max = 1024 | th_width =   32
ggml_metal_library_compile_pipeline: compiling pipeline: base = 'kernel_bin_fuse_f32_f32_f32_4', name = 'kernel_bin_fuse_f32_f32_f32_4_op=2_nf=1_rb=1_cb=0'
ggml_metal_library_compile_pipeline: loaded kernel_bin_fuse_f32_f32_f32_4_op=2_nf=1_rb=1_cb=0      0x13be07300 | th_max = 1024 | th_width =   32
ggml_metal_library_compile_pipeline: compiling pipeline: base = 'kernel_mul_mv_f32_f32_4', name = 'kernel_mul_mv_f32_f32_4_nsg=4'
ggml_metal_library_compile_pipeline: loaded kernel_mul_mv_f32_f32_4_nsg=4                 0x13be07fc0 | th_max =  768 | th_width =   32
ggml_metal_library_compile_pipeline: compiling pipeline: base = 'kernel_bin_fuse_f32_f32_f32', name = 'kernel_bin_fuse_f32_f32_f32_op=3_nf=1_rb=1_cb=1'
ggml_metal_library_compile_pipeline: loaded kernel_bin_fuse_f32_f32_f32_op=3_nf=1_rb=1_cb=1      0x13be07010 | th_max = 1024 | th_width =   32
ggml_metal_library_compile_pipeline: compiling pipeline: base = 'kernel_mul_mv_q8_0_f32', name = 'kernel_mul_mv_q8_0_f32_nsg=4'
ggml_metal_library_compile_pipeline: loaded kernel_mul_mv_q8_0_f32_nsg=4                  0x13be06d80 | th_max = 1024 | th_width =   32
ggml_metal_library_compile_pipeline: compiling pipeline: base = 'kernel_bin_fuse_f32_f32_f32_4', name = 'kernel_bin_fuse_f32_f32_f32_4_op=0_nf=7_rb=1_cb=0'
ggml_metal_library_compile_pipeline: loaded kernel_bin_fuse_f32_f32_f32_4_op=0_nf=7_rb=1_cb=0      0x13be09c80 | th_max = 1024 | th_width =   32
ggml_metal_library_compile_pipeline: compiling pipeline: base = 'kernel_bin_fuse_f32_f32_f32_4', name = 'kernel_bin_fuse_f32_f32_f32_4_op=0_nf=1_rb=1_cb=0'
ggml_metal_library_compile_pipeline: loaded kernel_bin_fuse_f32_f32_f32_4_op=0_nf=1_rb=1_cb=0      0x13be0a4f0 | th_max = 1024 | th_width =   32
ggml_metal_library_compile_pipeline: compiling pipeline: base = 'kernel_bin_fuse_f32_f32_f32', name = 'kernel_bin_fuse_f32_f32_f32_op=2_nf=1_rb=1_cb=1'
ggml_metal_library_compile_pipeline: loaded kernel_bin_fuse_f32_f32_f32_op=2_nf=1_rb=1_cb=1      0x13be0adc0 | th_max = 1024 | th_width =   32
ggml_metal_library_compile_pipeline: compiling pipeline: base = 'kernel_mul_mv_q5_0_f32', name = 'kernel_mul_mv_q5_0_f32_nsg=2'
ggml_metal_library_compile_pipeline: loaded kernel_mul_mv_q5_0_f32_nsg=2                  0x13c8544e0 | th_max =  640 | th_width =   32
ggml_metal_library_compile_pipeline: compiling pipeline: base = 'kernel_mul_mv_f16_f32_4', name = 'kernel_mul_mv_f16_f32_4_nsg=4'
ggml_metal_library_compile_pipeline: loaded kernel_mul_mv_f16_f32_4_nsg=4                 0x13be06ad0 | th_max = 1024 | th_width =   32
llama_perf_context_print:        load time =       0.23 ms
llama_perf_context_print: prompt eval time =       0.05 ms /    31 tokens (    0.00 ms per token, 607843.14 tokens per second)
llama_perf_context_print:        eval time =     551.06 ms /    34 runs   (   16.21 ms per token,    61.70 tokens per second)
llama_perf_context_print:       total time =    1033.87 ms /    65 tokens
llama_perf_context_print:    graphs reused =         33
INFO:     127.0.0.1:51589 - "GET /api/v1/models HTTP/1.1" 404 Not Found
INFO:     127.0.0.1:51589 - "GET /api/tags HTTP/1.1" 404 Not Found
INFO:     127.0.0.1:51589 - "GET /v1/props HTTP/1.1" 404 Not Found
INFO:     127.0.0.1:51589 - "GET /props HTTP/1.1" 404 Not Found
INFO:     127.0.0.1:51589 - "GET /version HTTP/1.1" 404 Not Found
INFO:     127.0.0.1:51590 - "GET /v1/models HTTP/1.1" 200 OK
INFO:     127.0.0.1:51591 - "POST /api/show HTTP/1.1" 404 Not Found
INFO:     127.0.0.1:51592 - "GET /api/v1/models HTTP/1.1" 404 Not Found
INFO:     127.0.0.1:51592 - "GET /api/tags HTTP/1.1" 404 Not Found
INFO:     127.0.0.1:51592 - "GET /v1/props HTTP/1.1" 404 Not Found
INFO:     127.0.0.1:51592 - "GET /props HTTP/1.1" 404 Not Found
INFO:     127.0.0.1:51592 - "GET /version HTTP/1.1" 404 Not Found
INFO:     127.0.0.1:51593 - "GET /v1/models/gemma-4-26b-a4b HTTP/1.1" 404 Not Found
INFO:     127.0.0.1:51593 - "GET /v1/models HTTP/1.1" 200 OK
INFO:     127.0.0.1:51594 - "GET /api/v1/models HTTP/1.1" 404 Not Found
INFO:     127.0.0.1:51594 - "GET /api/tags HTTP/1.1" 404 Not Found
INFO:     127.0.0.1:51594 - "GET /v1/props HTTP/1.1" 404 Not Found
INFO:     127.0.0.1:51594 - "GET /props HTTP/1.1" 404 Not Found
INFO:     127.0.0.1:51594 - "GET /version HTTP/1.1" 404 Not Found
INFO:     127.0.0.1:51595 - "POST /api/show HTTP/1.1" 404 Not Found
INFO:     127.0.0.1:51596 - "GET /api/v1/models HTTP/1.1" 404 Not Found
INFO:     127.0.0.1:51596 - "GET /api/tags HTTP/1.1" 404 Not Found
INFO:     127.0.0.1:51596 - "GET /v1/props HTTP/1.1" 404 Not Found
INFO:     127.0.0.1:51596 - "GET /props HTTP/1.1" 404 Not Found
INFO:     127.0.0.1:51596 - "GET /version HTTP/1.1" 404 Not Found
INFO:     127.0.0.1:51597 - "GET /v1/models/gemma-4-26b-a4b HTTP/1.1" 404 Not Found
INFO:     127.0.0.1:51597 - "GET /v1/models HTTP/1.1" 200 OK
INFO:     127.0.0.1:51598 - "POST /v1/chat/completions HTTP/1.1" 200 OK
Llama.generate: 10 prefix-match hit, remaining 29 prompt tokens to eval
llama_perf_context_print:        load time =       0.23 ms
llama_perf_context_print: prompt eval time =     386.83 ms /    29 tokens (   13.34 ms per token,    74.97 tokens per second)
llama_perf_context_print:        eval time =    1999.62 ms /   138 runs   (   14.49 ms per token,    69.01 tokens per second)
llama_perf_context_print:       total time =    2552.76 ms /   167 tokens
llama_perf_context_print:    graphs reused =        137
INFO:     127.0.0.1:51601 - "GET /api/v1/models HTTP/1.1" 404 Not Found
INFO:     127.0.0.1:51601 - "GET /api/tags HTTP/1.1" 404 Not Found
INFO:     127.0.0.1:51601 - "GET /v1/props HTTP/1.1" 404 Not Found
INFO:     127.0.0.1:51601 - "GET /props HTTP/1.1" 404 Not Found
INFO:     127.0.0.1:51601 - "GET /version HTTP/1.1" 404 Not Found
INFO:     127.0.0.1:51602 - "GET /v1/models HTTP/1.1" 200 OK
INFO:     127.0.0.1:51603 - "POST /api/show HTTP/1.1" 404 Not Found
INFO:     127.0.0.1:51604 - "GET /api/v1/models HTTP/1.1" 404 Not Found
INFO:     127.0.0.1:51604 - "GET /api/tags HTTP/1.1" 404 Not Found
INFO:     127.0.0.1:51604 - "GET /v1/props HTTP/1.1" 404 Not Found
INFO:     127.0.0.1:51604 - "GET /props HTTP/1.1" 404 Not Found
INFO:     127.0.0.1:51604 - "GET /version HTTP/1.1" 404 Not Found
INFO:     127.0.0.1:51605 - "GET /v1/models/gemma-4-26b-a4b HTTP/1.1" 404 Not Found
INFO:     127.0.0.1:51605 - "GET /v1/models HTTP/1.1" 200 OK
INFO:     127.0.0.1:51606 - "GET /api/v1/models HTTP/1.1" 404 Not Found
INFO:     127.0.0.1:51606 - "GET /api/tags HTTP/1.1" 404 Not Found
INFO:     127.0.0.1:51606 - "GET /v1/props HTTP/1.1" 404 Not Found
INFO:     127.0.0.1:51606 - "GET /props HTTP/1.1" 404 Not Found
INFO:     127.0.0.1:51606 - "GET /version HTTP/1.1" 404 Not Found
INFO:     127.0.0.1:51607 - "POST /api/show HTTP/1.1" 404 Not Found
INFO:     127.0.0.1:51608 - "GET /api/v1/models HTTP/1.1" 404 Not Found
INFO:     127.0.0.1:51608 - "GET /api/tags HTTP/1.1" 404 Not Found
INFO:     127.0.0.1:51608 - "GET /v1/props HTTP/1.1" 404 Not Found
INFO:     127.0.0.1:51608 - "GET /props HTTP/1.1" 404 Not Found
INFO:     127.0.0.1:51608 - "GET /version HTTP/1.1" 404 Not Found
INFO:     127.0.0.1:51609 - "GET /v1/models/gemma-4-26b-a4b HTTP/1.1" 404 Not Found
INFO:     127.0.0.1:51609 - "GET /v1/models HTTP/1.1" 200 OK
INFO:     127.0.0.1:51610 - "POST /v1/chat/completions HTTP/1.1" 200 OK
Llama.generate: 10 prefix-match hit, remaining 26 prompt tokens to eval
ggml_metal_synchronize: error: command buffer 1 failed with status 5
error: Insufficient Memory (00000008:kIOGPUCommandBufferCallbackErrorOutOfMemory)
ggml_metal_synchronize: error: command buffer 1 failed with status 5
error: Insufficient Memory (00000008:kIOGPUCommandBufferCallbackErrorOutOfMemory)
ggml_metal_synchronize: error: command buffer 1 failed with status 5
error: Insufficient Memory (00000008:kIOGPUCommandBufferCallbackErrorOutOfMemory)
ggml_metal_synchronize: error: command buffer 1 failed with status 5
error: Insufficient Memory (00000008:kIOGPUCommandBufferCallbackErrorOutOfMemory)
ggml_metal_synchronize: error: command buffer 1 failed with status 5
error: Insufficient Memory (00000008:kIOGPUCommandBufferCallbackErrorOutOfMemory)
ggml_metal_synchronize: error: command buffer 1 failed with status 5
error: Insufficient Memory (00000008:kIOGPUCommandBufferCallbackErrorOutOfMemory)
ggml_metal_synchronize: error: command buffer 1 failed with status 5
error: Insufficient Memory (00000008:kIOGPUCommandBufferCallbackErrorOutOfMemory)
ggml_metal_synchronize: error: command buffer 1 failed with status 5
error: Insufficient Memory (00000008:kIOGPUCommandBufferCallbackErrorOutOfMemory)
ggml_metal_synchronize: error: command buffer 1 failed with status 5
error: Insufficient Memory (00000008:kIOGPUCommandBufferCallbackErrorOutOfMemory)
ggml_metal_synchronize: error: command buffer 1 failed with status 5
error: Insufficient Memory (00000008:kIOGPUCommandBufferCallbackErrorOutOfMemory)
ggml_metal_synchronize: error: command buffer 1 failed with status 5
error: Insufficient Memory (00000008:kIOGPUCommandBufferCallbackErrorOutOfMemory)
ggml_metal_synchronize: error: command buffer 1 failed with status 5
error: Insufficient Memory (00000008:kIOGPUCommandBufferCallbackErrorOutOfMemory)
ggml_metal_synchronize: error: command buffer 1 failed with status 5
error: Insufficient Memory (00000008:kIOGPUCommandBufferCallbackErrorOutOfMemory)
ggml_metal_synchronize: error: command buffer 1 failed with status 5
error: Insufficient Memory (00000008:kIOGPUCommandBufferCallbackErrorOutOfMemory)
ggml_metal_synchronize: error: command buffer 1 failed with status 5
error: Insufficient Memory (00000008:kIOGPUCommandBufferCallbackErrorOutOfMemory)
ggml_metal_synchronize: error: command buffer 1 failed with status 5
error: Insufficient Memory (00000008:kIOGPUCommandBufferCallbackErrorOutOfMemory)
ggml_metal_graph_compute: backend is in error state from a previous command buffer failure - recreate the backend to recover
graph_compute: ggml_backend_sched_graph_compute_async failed with error -1
process_ubatch: failed to compute graph, compute status: -1
decode: removing memory module entries for seq_id = 0, pos = [36, +inf)
llama_decode: failed to decode, ret = -3
ERROR:    Exception in ASGI application
  + Exception Group Traceback (most recent call last):
  |   File "/Users/jonathanjenkins/GitHub/GITHUB/AgenticLLM/.venv/lib/python3.11/site-packages/sse_starlette/_utils.py", line 26, in collapse_excgroups
  |     yield
  |   File "/Users/jonathanjenkins/GitHub/GITHUB/AgenticLLM/.venv/lib/python3.11/site-packages/sse_starlette/sse.py", line 479, in __call__
  |     async with anyio.create_task_group() as task_group:
  |   File "/Users/jonathanjenkins/GitHub/GITHUB/AgenticLLM/.venv/lib/python3.11/site-packages/anyio/_backends/_asyncio.py", line 799, in __aexit__
  |     raise BaseExceptionGroup(
  | ExceptionGroup: unhandled errors in a TaskGroup (1 sub-exception)
  +-+---------------- 1 ----------------
    | Traceback (most recent call last):
    |   File "/Users/jonathanjenkins/GitHub/GITHUB/AgenticLLM/.venv/lib/python3.11/site-packages/uvicorn/protocols/http/h11_impl.py", line 415, in run_asgi
    |     result = await app(  # type: ignore[func-returns-value]
    |              ^^^^^^^^^^^^^^^^^^^^^^^^^^^^^^^^^^^^^^^^^^^^^^
    |   File "/Users/jonathanjenkins/GitHub/GITHUB/AgenticLLM/.venv/lib/python3.11/site-packages/uvicorn/middleware/proxy_headers.py", line 56, in __call__
    |     return await self.app(scope, receive, send)
    |            ^^^^^^^^^^^^^^^^^^^^^^^^^^^^^^^^^^^^
    |   File "/Users/jonathanjenkins/GitHub/GITHUB/AgenticLLM/.venv/lib/python3.11/site-packages/fastapi/applications.py", line 1159, in __call__
    |     await super().__call__(scope, receive, send)
    |   File "/Users/jonathanjenkins/GitHub/GITHUB/AgenticLLM/.venv/lib/python3.11/site-packages/starlette/applications.py", line 90, in __call__
    |     await self.middleware_stack(scope, receive, send)
    |   File "/Users/jonathanjenkins/GitHub/GITHUB/AgenticLLM/.venv/lib/python3.11/site-packages/starlette/middleware/errors.py", line 186, in __call__
    |     raise exc
    |   File "/Users/jonathanjenkins/GitHub/GITHUB/AgenticLLM/.venv/lib/python3.11/site-packages/starlette/middleware/errors.py", line 164, in __call__
    |     await self.app(scope, receive, _send)
    |   File "/Users/jonathanjenkins/GitHub/GITHUB/AgenticLLM/.venv/lib/python3.11/site-packages/starlette/middleware/cors.py", line 88, in __call__
    |     await self.app(scope, receive, send)
    |   File "/Users/jonathanjenkins/GitHub/GITHUB/AgenticLLM/.venv/lib/python3.11/site-packages/starlette_context/middleware/raw_middleware.py", line 92, in __call__
    |     await self.app(scope, receive, send_wrapper)
    |   File "/Users/jonathanjenkins/GitHub/GITHUB/AgenticLLM/.venv/lib/python3.11/site-packages/starlette/middleware/exceptions.py", line 63, in __call__
    |     await wrap_app_handling_exceptions(self.app, conn)(scope, receive, send)
    |   File "/Users/jonathanjenkins/GitHub/GITHUB/AgenticLLM/.venv/lib/python3.11/site-packages/starlette/_exception_handler.py", line 53, in wrapped_app
    |     raise exc
    |   File "/Users/jonathanjenkins/GitHub/GITHUB/AgenticLLM/.venv/lib/python3.11/site-packages/starlette/_exception_handler.py", line 42, in wrapped_app
    |     await app(scope, receive, sender)
    |   File "/Users/jonathanjenkins/GitHub/GITHUB/AgenticLLM/.venv/lib/python3.11/site-packages/fastapi/middleware/asyncexitstack.py", line 18, in __call__
    |     await self.app(scope, receive, send)
    |   File "/Users/jonathanjenkins/GitHub/GITHUB/AgenticLLM/.venv/lib/python3.11/site-packages/starlette/routing.py", line 660, in __call__
    |     await self.middleware_stack(scope, receive, send)
    |   File "/Users/jonathanjenkins/GitHub/GITHUB/AgenticLLM/.venv/lib/python3.11/site-packages/starlette/routing.py", line 680, in app
    |     await route.handle(scope, receive, send)
    |   File "/Users/jonathanjenkins/GitHub/GITHUB/AgenticLLM/.venv/lib/python3.11/site-packages/starlette/routing.py", line 276, in handle
    |     await self.app(scope, receive, send)
    |   File "/Users/jonathanjenkins/GitHub/GITHUB/AgenticLLM/.venv/lib/python3.11/site-packages/fastapi/routing.py", line 134, in app
    |     await wrap_app_handling_exceptions(app, request)(scope, receive, send)
    |   File "/Users/jonathanjenkins/GitHub/GITHUB/AgenticLLM/.venv/lib/python3.11/site-packages/starlette/_exception_handler.py", line 53, in wrapped_app
    |     raise exc
    |   File "/Users/jonathanjenkins/GitHub/GITHUB/AgenticLLM/.venv/lib/python3.11/site-packages/starlette/_exception_handler.py", line 42, in wrapped_app
    |     await app(scope, receive, sender)
    |   File "/Users/jonathanjenkins/GitHub/GITHUB/AgenticLLM/.venv/lib/python3.11/site-packages/fastapi/routing.py", line 121, in app
    |     await response(scope, receive, send)
    |   File "/Users/jonathanjenkins/GitHub/GITHUB/AgenticLLM/.venv/lib/python3.11/site-packages/sse_starlette/sse.py", line 478, in __call__
    |     with collapse_excgroups():
    |   File "/Library/Frameworks/Python.framework/Versions/3.11/lib/python3.11/contextlib.py", line 158, in __exit__
    |     self.gen.throw(typ, value, traceback)
    |   File "/Users/jonathanjenkins/GitHub/GITHUB/AgenticLLM/.venv/lib/python3.11/site-packages/sse_starlette/_utils.py", line 34, in collapse_excgroups
    |     raise exc
    |   File "/Users/jonathanjenkins/GitHub/GITHUB/AgenticLLM/.venv/lib/python3.11/site-packages/llama_cpp/server/app.py", line 208, in get_event_publisher
    |     async for chunk in iterate_in_threadpool(iterator):
    |   File "/Users/jonathanjenkins/GitHub/GITHUB/AgenticLLM/.venv/lib/python3.11/site-packages/starlette/concurrency.py", line 55, in iterate_in_threadpool
    |     yield await anyio.to_thread.run_sync(_next, as_iterator)
    |           ^^^^^^^^^^^^^^^^^^^^^^^^^^^^^^^^^^^^^^^^^^^^^^^^^^
    |   File "/Users/jonathanjenkins/GitHub/GITHUB/AgenticLLM/.venv/lib/python3.11/site-packages/anyio/to_thread.py", line 63, in run_sync
    |     return await get_async_backend().run_sync_in_worker_thread(
    |            ^^^^^^^^^^^^^^^^^^^^^^^^^^^^^^^^^^^^^^^^^^^^^^^^^^^^
    |   File "/Users/jonathanjenkins/GitHub/GITHUB/AgenticLLM/.venv/lib/python3.11/site-packages/anyio/_backends/_asyncio.py", line 2518, in run_sync_in_worker_thread
    |     return await future
    |            ^^^^^^^^^^^^
    |   File "/Users/jonathanjenkins/GitHub/GITHUB/AgenticLLM/.venv/lib/python3.11/site-packages/anyio/_backends/_asyncio.py", line 1002, in run
    |     result = context.run(func, *args)
    |              ^^^^^^^^^^^^^^^^^^^^^^^^
    |   File "/Users/jonathanjenkins/GitHub/GITHUB/AgenticLLM/.venv/lib/python3.11/site-packages/starlette/concurrency.py", line 44, in _next
    |     return next(iterator)
    |            ^^^^^^^^^^^^^^
    |   File "/Users/jonathanjenkins/GitHub/GITHUB/AgenticLLM/.venv/lib/python3.11/site-packages/llama_cpp/llama_chat_format.py", line 328, in _convert_text_completion_chunks_to_chat
    |     for i, chunk in enumerate(chunks):
    |   File "/Users/jonathanjenkins/GitHub/GITHUB/AgenticLLM/.venv/lib/python3.11/site-packages/llama_cpp/llama.py", line 1349, in _create_completion
    |     for token in self.generate(
    |   File "/Users/jonathanjenkins/GitHub/GITHUB/AgenticLLM/.venv/lib/python3.11/site-packages/llama_cpp/llama.py", line 933, in generate
    |     self.eval(tokens)
    |   File "/Users/jonathanjenkins/GitHub/GITHUB/AgenticLLM/.venv/lib/python3.11/site-packages/llama_cpp/llama.py", line 661, in eval
    |     self._ctx.decode(self._batch)
    |   File "/Users/jonathanjenkins/GitHub/GITHUB/AgenticLLM/.venv/lib/python3.11/site-packages/llama_cpp/_internals.py", line 330, in decode
    |     raise RuntimeError(f"llama_decode returned {return_code}")
    | RuntimeError: llama_decode returned -3
    +------------------------------------

During handling of the above exception, another exception occurred:

Traceback (most recent call last):
  File "/Users/jonathanjenkins/GitHub/GITHUB/AgenticLLM/.venv/lib/python3.11/site-packages/uvicorn/protocols/http/h11_impl.py", line 415, in run_asgi
    result = await app(  # type: ignore[func-returns-value]
             ^^^^^^^^^^^^^^^^^^^^^^^^^^^^^^^^^^^^^^^^^^^^^^
  File "/Users/jonathanjenkins/GitHub/GITHUB/AgenticLLM/.venv/lib/python3.11/site-packages/uvicorn/middleware/proxy_headers.py", line 56, in __call__
    return await self.app(scope, receive, send)
           ^^^^^^^^^^^^^^^^^^^^^^^^^^^^^^^^^^^^
  File "/Users/jonathanjenkins/GitHub/GITHUB/AgenticLLM/.venv/lib/python3.11/site-packages/fastapi/applications.py", line 1159, in __call__
    await super().__call__(scope, receive, send)
  File "/Users/jonathanjenkins/GitHub/GITHUB/AgenticLLM/.venv/lib/python3.11/site-packages/starlette/applications.py", line 90, in __call__
    await self.middleware_stack(scope, receive, send)
  File "/Users/jonathanjenkins/GitHub/GITHUB/AgenticLLM/.venv/lib/python3.11/site-packages/starlette/middleware/errors.py", line 186, in __call__
    raise exc
  File "/Users/jonathanjenkins/GitHub/GITHUB/AgenticLLM/.venv/lib/python3.11/site-packages/starlette/middleware/errors.py", line 164, in __call__
    await self.app(scope, receive, _send)
  File "/Users/jonathanjenkins/GitHub/GITHUB/AgenticLLM/.venv/lib/python3.11/site-packages/starlette/middleware/cors.py", line 88, in __call__
    await self.app(scope, receive, send)
  File "/Users/jonathanjenkins/GitHub/GITHUB/AgenticLLM/.venv/lib/python3.11/site-packages/starlette_context/middleware/raw_middleware.py", line 92, in __call__
    await self.app(scope, receive, send_wrapper)
  File "/Users/jonathanjenkins/GitHub/GITHUB/AgenticLLM/.venv/lib/python3.11/site-packages/starlette/middleware/exceptions.py", line 63, in __call__
    await wrap_app_handling_exceptions(self.app, conn)(scope, receive, send)
  File "/Users/jonathanjenkins/GitHub/GITHUB/AgenticLLM/.venv/lib/python3.11/site-packages/starlette/_exception_handler.py", line 53, in wrapped_app
    raise exc
  File "/Users/jonathanjenkins/GitHub/GITHUB/AgenticLLM/.venv/lib/python3.11/site-packages/starlette/_exception_handler.py", line 42, in wrapped_app
    await app(scope, receive, sender)
  File "/Users/jonathanjenkins/GitHub/GITHUB/AgenticLLM/.venv/lib/python3.11/site-packages/fastapi/middleware/asyncexitstack.py", line 18, in __call__
    await self.app(scope, receive, send)
  File "/Users/jonathanjenkins/GitHub/GITHUB/AgenticLLM/.venv/lib/python3.11/site-packages/starlette/routing.py", line 660, in __call__
    await self.middleware_stack(scope, receive, send)
  File "/Users/jonathanjenkins/GitHub/GITHUB/AgenticLLM/.venv/lib/python3.11/site-packages/starlette/routing.py", line 680, in app
    await route.handle(scope, receive, send)
  File "/Users/jonathanjenkins/GitHub/GITHUB/AgenticLLM/.venv/lib/python3.11/site-packages/starlette/routing.py", line 276, in handle
    await self.app(scope, receive, send)
  File "/Users/jonathanjenkins/GitHub/GITHUB/AgenticLLM/.venv/lib/python3.11/site-packages/fastapi/routing.py", line 134, in app
    await wrap_app_handling_exceptions(app, request)(scope, receive, send)
  File "/Users/jonathanjenkins/GitHub/GITHUB/AgenticLLM/.venv/lib/python3.11/site-packages/starlette/_exception_handler.py", line 53, in wrapped_app
    raise exc
  File "/Users/jonathanjenkins/GitHub/GITHUB/AgenticLLM/.venv/lib/python3.11/site-packages/starlette/_exception_handler.py", line 42, in wrapped_app
    await app(scope, receive, sender)
  File "/Users/jonathanjenkins/GitHub/GITHUB/AgenticLLM/.venv/lib/python3.11/site-packages/fastapi/routing.py", line 121, in app
    await response(scope, receive, send)
  File "/Users/jonathanjenkins/GitHub/GITHUB/AgenticLLM/.venv/lib/python3.11/site-packages/sse_starlette/sse.py", line 478, in __call__
    with collapse_excgroups():
  File "/Library/Frameworks/Python.framework/Versions/3.11/lib/python3.11/contextlib.py", line 158, in __exit__
    self.gen.throw(typ, value, traceback)
  File "/Users/jonathanjenkins/GitHub/GITHUB/AgenticLLM/.venv/lib/python3.11/site-packages/sse_starlette/_utils.py", line 34, in collapse_excgroups
    raise exc
  File "/Users/jonathanjenkins/GitHub/GITHUB/AgenticLLM/.venv/lib/python3.11/site-packages/llama_cpp/server/app.py", line 208, in get_event_publisher
    async for chunk in iterate_in_threadpool(iterator):
  File "/Users/jonathanjenkins/GitHub/GITHUB/AgenticLLM/.venv/lib/python3.11/site-packages/starlette/concurrency.py", line 55, in iterate_in_threadpool
    yield await anyio.to_thread.run_sync(_next, as_iterator)
          ^^^^^^^^^^^^^^^^^^^^^^^^^^^^^^^^^^^^^^^^^^^^^^^^^^
  File "/Users/jonathanjenkins/GitHub/GITHUB/AgenticLLM/.venv/lib/python3.11/site-packages/anyio/to_thread.py", line 63, in run_sync
    return await get_async_backend().run_sync_in_worker_thread(
           ^^^^^^^^^^^^^^^^^^^^^^^^^^^^^^^^^^^^^^^^^^^^^^^^^^^^
  File "/Users/jonathanjenkins/GitHub/GITHUB/AgenticLLM/.venv/lib/python3.11/site-packages/anyio/_backends/_asyncio.py", line 2518, in run_sync_in_worker_thread
    return await future
           ^^^^^^^^^^^^
  File "/Users/jonathanjenkins/GitHub/GITHUB/AgenticLLM/.venv/lib/python3.11/site-packages/anyio/_backends/_asyncio.py", line 1002, in run
    result = context.run(func, *args)
             ^^^^^^^^^^^^^^^^^^^^^^^^
  File "/Users/jonathanjenkins/GitHub/GITHUB/AgenticLLM/.venv/lib/python3.11/site-packages/starlette/concurrency.py", line 44, in _next
    return next(iterator)
           ^^^^^^^^^^^^^^
  File "/Users/jonathanjenkins/GitHub/GITHUB/AgenticLLM/.venv/lib/python3.11/site-packages/llama_cpp/llama_chat_format.py", line 328, in _convert_text_completion_chunks_to_chat
    for i, chunk in enumerate(chunks):
  File "/Users/jonathanjenkins/GitHub/GITHUB/AgenticLLM/.venv/lib/python3.11/site-packages/llama_cpp/llama.py", line 1349, in _create_completion
    for token in self.generate(
  File "/Users/jonathanjenkins/GitHub/GITHUB/AgenticLLM/.venv/lib/python3.11/site-packages/llama_cpp/llama.py", line 933, in generate
    self.eval(tokens)
  File "/Users/jonathanjenkins/GitHub/GITHUB/AgenticLLM/.venv/lib/python3.11/site-packages/llama_cpp/llama.py", line 661, in eval
    self._ctx.decode(self._batch)
  File "/Users/jonathanjenkins/GitHub/GITHUB/AgenticLLM/.venv/lib/python3.11/site-packages/llama_cpp/_internals.py", line 330, in decode
    raise RuntimeError(f"llama_decode returned {return_code}")
RuntimeError: llama_decode returned -3
INFO:     127.0.0.1:51613 - "GET /api/v1/models HTTP/1.1" 404 Not Found
INFO:     127.0.0.1:51613 - "GET /api/tags HTTP/1.1" 404 Not Found
INFO:     127.0.0.1:51613 - "GET /v1/props HTTP/1.1" 404 Not Found
INFO:     127.0.0.1:51613 - "GET /props HTTP/1.1" 404 Not Found
INFO:     127.0.0.1:51613 - "GET /version HTTP/1.1" 404 Not Found
INFO:     127.0.0.1:51614 - "GET /v1/models HTTP/1.1" 200 OK
INFO:     127.0.0.1:51616 - "POST /api/show HTTP/1.1" 404 Not Found
INFO:     127.0.0.1:51617 - "GET /api/v1/models HTTP/1.1" 404 Not Found
INFO:     127.0.0.1:51617 - "GET /api/tags HTTP/1.1" 404 Not Found
INFO:     127.0.0.1:51617 - "GET /v1/props HTTP/1.1" 404 Not Found
INFO:     127.0.0.1:51617 - "GET /props HTTP/1.1" 404 Not Found
INFO:     127.0.0.1:51617 - "GET /version HTTP/1.1" 404 Not Found
INFO:     127.0.0.1:51620 - "GET /v1/models/gemma-4-26b-a4b HTTP/1.1" 404 Not Found
INFO:     127.0.0.1:51620 - "GET /v1/models HTTP/1.1" 200 OK
INFO:     127.0.0.1:51621 - "GET /api/v1/models HTTP/1.1" 404 Not Found
INFO:     127.0.0.1:51621 - "GET /api/tags HTTP/1.1" 404 Not Found
INFO:     127.0.0.1:51621 - "GET /v1/props HTTP/1.1" 404 Not Found
INFO:     127.0.0.1:51621 - "GET /props HTTP/1.1" 404 Not Found
INFO:     127.0.0.1:51621 - "GET /version HTTP/1.1" 404 Not Found
INFO:     127.0.0.1:51622 - "POST /api/show HTTP/1.1" 404 Not Found
INFO:     127.0.0.1:51623 - "GET /api/v1/models HTTP/1.1" 404 Not Found
INFO:     127.0.0.1:51623 - "GET /api/tags HTTP/1.1" 404 Not Found
INFO:     127.0.0.1:51623 - "GET /v1/props HTTP/1.1" 404 Not Found
INFO:     127.0.0.1:51623 - "GET /props HTTP/1.1" 404 Not Found
INFO:     127.0.0.1:51623 - "GET /version HTTP/1.1" 404 Not Found
INFO:     127.0.0.1:51624 - "GET /v1/models/gemma-4-26b-a4b HTTP/1.1" 404 Not Found
INFO:     127.0.0.1:51624 - "GET /v1/models HTTP/1.1" 200 OK
INFO:     127.0.0.1:51627 - "POST /v1/chat/completions HTTP/1.1" 200 OK
Llama.generate: 10 prefix-match hit, remaining 27 prompt tokens to eval
ggml_metal_synchronize: error: command buffer 1 failed with status 5
error: Insufficient Memory (00000008:kIOGPUCommandBufferCallbackErrorOutOfMemory)
ggml_metal_synchronize: error: command buffer 1 failed with status 5
error: Insufficient Memory (00000008:kIOGPUCommandBufferCallbackErrorOutOfMemory)
ggml_metal_synchronize: error: command buffer 1 failed with status 5
error: Insufficient Memory (00000008:kIOGPUCommandBufferCallbackErrorOutOfMemory)
ggml_metal_synchronize: error: command buffer 1 failed with status 5
error: Insufficient Memory (00000008:kIOGPUCommandBufferCallbackErrorOutOfMemory)
ggml_metal_synchronize: error: command buffer 1 failed with status 5
error: Insufficient Memory (00000008:kIOGPUCommandBufferCallbackErrorOutOfMemory)
ggml_metal_synchronize: error: command buffer 1 failed with status 5
error: Insufficient Memory (00000008:kIOGPUCommandBufferCallbackErrorOutOfMemory)
ggml_metal_synchronize: error: command buffer 1 failed with status 5
error: Insufficient Memory (00000008:kIOGPUCommandBufferCallbackErrorOutOfMemory)
ggml_metal_synchronize: error: command buffer 1 failed with status 5
error: Insufficient Memory (00000008:kIOGPUCommandBufferCallbackErrorOutOfMemory)
ggml_metal_synchronize: error: command buffer 1 failed with status 5
error: Insufficient Memory (00000008:kIOGPUCommandBufferCallbackErrorOutOfMemory)
ggml_metal_synchronize: error: command buffer 1 failed with status 5
error: Insufficient Memory (00000008:kIOGPUCommandBufferCallbackErrorOutOfMemory)
ggml_metal_graph_compute: backend is in error state from a previous command buffer failure - recreate the backend to recover
graph_compute: ggml_backend_sched_graph_compute_async failed with error -1
process_ubatch: failed to compute graph, compute status: -1
decode: removing memory module entries for seq_id = 0, pos = [10, +inf)
llama_decode: failed to decode, ret = -3
ERROR:    Exception in ASGI application
  + Exception Group Traceback (most recent call last):
  |   File "/Users/jonathanjenkins/GitHub/GITHUB/AgenticLLM/.venv/lib/python3.11/site-packages/sse_starlette/_utils.py", line 26, in collapse_excgroups
  |     yield
  |   File "/Users/jonathanjenkins/GitHub/GITHUB/AgenticLLM/.venv/lib/python3.11/site-packages/sse_starlette/sse.py", line 479, in __call__
  |     async with anyio.create_task_group() as task_group:
  |   File "/Users/jonathanjenkins/GitHub/GITHUB/AgenticLLM/.venv/lib/python3.11/site-packages/anyio/_backends/_asyncio.py", line 799, in __aexit__
  |     raise BaseExceptionGroup(
  | ExceptionGroup: unhandled errors in a TaskGroup (1 sub-exception)
  +-+---------------- 1 ----------------
    | Traceback (most recent call last):
    |   File "/Users/jonathanjenkins/GitHub/GITHUB/AgenticLLM/.venv/lib/python3.11/site-packages/uvicorn/protocols/http/h11_impl.py", line 415, in run_asgi
    |     result = await app(  # type: ignore[func-returns-value]
    |              ^^^^^^^^^^^^^^^^^^^^^^^^^^^^^^^^^^^^^^^^^^^^^^
    |   File "/Users/jonathanjenkins/GitHub/GITHUB/AgenticLLM/.venv/lib/python3.11/site-packages/uvicorn/middleware/proxy_headers.py", line 56, in __call__
    |     return await self.app(scope, receive, send)
    |            ^^^^^^^^^^^^^^^^^^^^^^^^^^^^^^^^^^^^
    |   File "/Users/jonathanjenkins/GitHub/GITHUB/AgenticLLM/.venv/lib/python3.11/site-packages/fastapi/applications.py", line 1159, in __call__
    |     await super().__call__(scope, receive, send)
    |   File "/Users/jonathanjenkins/GitHub/GITHUB/AgenticLLM/.venv/lib/python3.11/site-packages/starlette/applications.py", line 90, in __call__
    |     await self.middleware_stack(scope, receive, send)
    |   File "/Users/jonathanjenkins/GitHub/GITHUB/AgenticLLM/.venv/lib/python3.11/site-packages/starlette/middleware/errors.py", line 186, in __call__
    |     raise exc
    |   File "/Users/jonathanjenkins/GitHub/GITHUB/AgenticLLM/.venv/lib/python3.11/site-packages/starlette/middleware/errors.py", line 164, in __call__
    |     await self.app(scope, receive, _send)
    |   File "/Users/jonathanjenkins/GitHub/GITHUB/AgenticLLM/.venv/lib/python3.11/site-packages/starlette/middleware/cors.py", line 88, in __call__
    |     await self.app(scope, receive, send)
    |   File "/Users/jonathanjenkins/GitHub/GITHUB/AgenticLLM/.venv/lib/python3.11/site-packages/starlette_context/middleware/raw_middleware.py", line 92, in __call__
    |     await self.app(scope, receive, send_wrapper)
    |   File "/Users/jonathanjenkins/GitHub/GITHUB/AgenticLLM/.venv/lib/python3.11/site-packages/starlette/middleware/exceptions.py", line 63, in __call__
    |     await wrap_app_handling_exceptions(self.app, conn)(scope, receive, send)
    |   File "/Users/jonathanjenkins/GitHub/GITHUB/AgenticLLM/.venv/lib/python3.11/site-packages/starlette/_exception_handler.py", line 53, in wrapped_app
    |     raise exc
    |   File "/Users/jonathanjenkins/GitHub/GITHUB/AgenticLLM/.venv/lib/python3.11/site-packages/starlette/_exception_handler.py", line 42, in wrapped_app
    |     await app(scope, receive, sender)
    |   File "/Users/jonathanjenkins/GitHub/GITHUB/AgenticLLM/.venv/lib/python3.11/site-packages/fastapi/middleware/asyncexitstack.py", line 18, in __call__
    |     await self.app(scope, receive, send)
    |   File "/Users/jonathanjenkins/GitHub/GITHUB/AgenticLLM/.venv/lib/python3.11/site-packages/starlette/routing.py", line 660, in __call__
    |     await self.middleware_stack(scope, receive, send)
    |   File "/Users/jonathanjenkins/GitHub/GITHUB/AgenticLLM/.venv/lib/python3.11/site-packages/starlette/routing.py", line 680, in app
    |     await route.handle(scope, receive, send)
    |   File "/Users/jonathanjenkins/GitHub/GITHUB/AgenticLLM/.venv/lib/python3.11/site-packages/starlette/routing.py", line 276, in handle
    |     await self.app(scope, receive, send)
    |   File "/Users/jonathanjenkins/GitHub/GITHUB/AgenticLLM/.venv/lib/python3.11/site-packages/fastapi/routing.py", line 134, in app
    |     await wrap_app_handling_exceptions(app, request)(scope, receive, send)
    |   File "/Users/jonathanjenkins/GitHub/GITHUB/AgenticLLM/.venv/lib/python3.11/site-packages/starlette/_exception_handler.py", line 53, in wrapped_app
    |     raise exc
    |   File "/Users/jonathanjenkins/GitHub/GITHUB/AgenticLLM/.venv/lib/python3.11/site-packages/starlette/_exception_handler.py", line 42, in wrapped_app
    |     await app(scope, receive, sender)
    |   File "/Users/jonathanjenkins/GitHub/GITHUB/AgenticLLM/.venv/lib/python3.11/site-packages/fastapi/routing.py", line 121, in app
    |     await response(scope, receive, send)
    |   File "/Users/jonathanjenkins/GitHub/GITHUB/AgenticLLM/.venv/lib/python3.11/site-packages/sse_starlette/sse.py", line 478, in __call__
    |     with collapse_excgroups():
    |   File "/Library/Frameworks/Python.framework/Versions/3.11/lib/python3.11/contextlib.py", line 158, in __exit__
    |     self.gen.throw(typ, value, traceback)
    |   File "/Users/jonathanjenkins/GitHub/GITHUB/AgenticLLM/.venv/lib/python3.11/site-packages/sse_starlette/_utils.py", line 34, in collapse_excgroups
    |     raise exc
    |   File "/Users/jonathanjenkins/GitHub/GITHUB/AgenticLLM/.venv/lib/python3.11/site-packages/llama_cpp/server/app.py", line 208, in get_event_publisher
    |     async for chunk in iterate_in_threadpool(iterator):
    |   File "/Users/jonathanjenkins/GitHub/GITHUB/AgenticLLM/.venv/lib/python3.11/site-packages/starlette/concurrency.py", line 55, in iterate_in_threadpool
    |     yield await anyio.to_thread.run_sync(_next, as_iterator)
    |           ^^^^^^^^^^^^^^^^^^^^^^^^^^^^^^^^^^^^^^^^^^^^^^^^^^
    |   File "/Users/jonathanjenkins/GitHub/GITHUB/AgenticLLM/.venv/lib/python3.11/site-packages/anyio/to_thread.py", line 63, in run_sync
    |     return await get_async_backend().run_sync_in_worker_thread(
    |            ^^^^^^^^^^^^^^^^^^^^^^^^^^^^^^^^^^^^^^^^^^^^^^^^^^^^
    |   File "/Users/jonathanjenkins/GitHub/GITHUB/AgenticLLM/.venv/lib/python3.11/site-packages/anyio/_backends/_asyncio.py", line 2518, in run_sync_in_worker_thread
    |     return await future
    |            ^^^^^^^^^^^^
    |   File "/Users/jonathanjenkins/GitHub/GITHUB/AgenticLLM/.venv/lib/python3.11/site-packages/anyio/_backends/_asyncio.py", line 1002, in run
    |     result = context.run(func, *args)
    |              ^^^^^^^^^^^^^^^^^^^^^^^^
    |   File "/Users/jonathanjenkins/GitHub/GITHUB/AgenticLLM/.venv/lib/python3.11/site-packages/starlette/concurrency.py", line 44, in _next
    |     return next(iterator)
    |            ^^^^^^^^^^^^^^
    |   File "/Users/jonathanjenkins/GitHub/GITHUB/AgenticLLM/.venv/lib/python3.11/site-packages/llama_cpp/llama_chat_format.py", line 328, in _convert_text_completion_chunks_to_chat
    |     for i, chunk in enumerate(chunks):
    |   File "/Users/jonathanjenkins/GitHub/GITHUB/AgenticLLM/.venv/lib/python3.11/site-packages/llama_cpp/llama.py", line 1349, in _create_completion
    |     for token in self.generate(
    |   File "/Users/jonathanjenkins/GitHub/GITHUB/AgenticLLM/.venv/lib/python3.11/site-packages/llama_cpp/llama.py", line 933, in generate
    |     self.eval(tokens)
    |   File "/Users/jonathanjenkins/GitHub/GITHUB/AgenticLLM/.venv/lib/python3.11/site-packages/llama_cpp/llama.py", line 661, in eval
    |     self._ctx.decode(self._batch)
    |   File "/Users/jonathanjenkins/GitHub/GITHUB/AgenticLLM/.venv/lib/python3.11/site-packages/llama_cpp/_internals.py", line 330, in decode
    |     raise RuntimeError(f"llama_decode returned {return_code}")
    | RuntimeError: llama_decode returned -3
    +------------------------------------

During handling of the above exception, another exception occurred:

Traceback (most recent call last):
  File "/Users/jonathanjenkins/GitHub/GITHUB/AgenticLLM/.venv/lib/python3.11/site-packages/uvicorn/protocols/http/h11_impl.py", line 415, in run_asgi
    result = await app(  # type: ignore[func-returns-value]
             ^^^^^^^^^^^^^^^^^^^^^^^^^^^^^^^^^^^^^^^^^^^^^^
  File "/Users/jonathanjenkins/GitHub/GITHUB/AgenticLLM/.venv/lib/python3.11/site-packages/uvicorn/middleware/proxy_headers.py", line 56, in __call__
    return await self.app(scope, receive, send)
           ^^^^^^^^^^^^^^^^^^^^^^^^^^^^^^^^^^^^
  File "/Users/jonathanjenkins/GitHub/GITHUB/AgenticLLM/.venv/lib/python3.11/site-packages/fastapi/applications.py", line 1159, in __call__
    await super().__call__(scope, receive, send)
  File "/Users/jonathanjenkins/GitHub/GITHUB/AgenticLLM/.venv/lib/python3.11/site-packages/starlette/applications.py", line 90, in __call__
    await self.middleware_stack(scope, receive, send)
  File "/Users/jonathanjenkins/GitHub/GITHUB/AgenticLLM/.venv/lib/python3.11/site-packages/starlette/middleware/errors.py", line 186, in __call__
    raise exc
  File "/Users/jonathanjenkins/GitHub/GITHUB/AgenticLLM/.venv/lib/python3.11/site-packages/starlette/middleware/errors.py", line 164, in __call__
    await self.app(scope, receive, _send)
  File "/Users/jonathanjenkins/GitHub/GITHUB/AgenticLLM/.venv/lib/python3.11/site-packages/starlette/middleware/cors.py", line 88, in __call__
    await self.app(scope, receive, send)
  File "/Users/jonathanjenkins/GitHub/GITHUB/AgenticLLM/.venv/lib/python3.11/site-packages/starlette_context/middleware/raw_middleware.py", line 92, in __call__
    await self.app(scope, receive, send_wrapper)
  File "/Users/jonathanjenkins/GitHub/GITHUB/AgenticLLM/.venv/lib/python3.11/site-packages/starlette/middleware/exceptions.py", line 63, in __call__
    await wrap_app_handling_exceptions(self.app, conn)(scope, receive, send)
  File "/Users/jonathanjenkins/GitHub/GITHUB/AgenticLLM/.venv/lib/python3.11/site-packages/starlette/_exception_handler.py", line 53, in wrapped_app
    raise exc
  File "/Users/jonathanjenkins/GitHub/GITHUB/AgenticLLM/.venv/lib/python3.11/site-packages/starlette/_exception_handler.py", line 42, in wrapped_app
    await app(scope, receive, sender)
  File "/Users/jonathanjenkins/GitHub/GITHUB/AgenticLLM/.venv/lib/python3.11/site-packages/fastapi/middleware/asyncexitstack.py", line 18, in __call__
    await self.app(scope, receive, send)
  File "/Users/jonathanjenkins/GitHub/GITHUB/AgenticLLM/.venv/lib/python3.11/site-packages/starlette/routing.py", line 660, in __call__
    await self.middleware_stack(scope, receive, send)
  File "/Users/jonathanjenkins/GitHub/GITHUB/AgenticLLM/.venv/lib/python3.11/site-packages/starlette/routing.py", line 680, in app
    await route.handle(scope, receive, send)
  File "/Users/jonathanjenkins/GitHub/GITHUB/AgenticLLM/.venv/lib/python3.11/site-packages/starlette/routing.py", line 276, in handle
    await self.app(scope, receive, send)
  File "/Users/jonathanjenkins/GitHub/GITHUB/AgenticLLM/.venv/lib/python3.11/site-packages/fastapi/routing.py", line 134, in app
    await wrap_app_handling_exceptions(app, request)(scope, receive, send)
  File "/Users/jonathanjenkins/GitHub/GITHUB/AgenticLLM/.venv/lib/python3.11/site-packages/starlette/_exception_handler.py", line 53, in wrapped_app
    raise exc
  File "/Users/jonathanjenkins/GitHub/GITHUB/AgenticLLM/.venv/lib/python3.11/site-packages/starlette/_exception_handler.py", line 42, in wrapped_app
    await app(scope, receive, sender)
  File "/Users/jonathanjenkins/GitHub/GITHUB/AgenticLLM/.venv/lib/python3.11/site-packages/fastapi/routing.py", line 121, in app
    await response(scope, receive, send)
  File "/Users/jonathanjenkins/GitHub/GITHUB/AgenticLLM/.venv/lib/python3.11/site-packages/sse_starlette/sse.py", line 478, in __call__
    with collapse_excgroups():
  File "/Library/Frameworks/Python.framework/Versions/3.11/lib/python3.11/contextlib.py", line 158, in __exit__
    self.gen.throw(typ, value, traceback)
  File "/Users/jonathanjenkins/GitHub/GITHUB/AgenticLLM/.venv/lib/python3.11/site-packages/sse_starlette/_utils.py", line 34, in collapse_excgroups
    raise exc
  File "/Users/jonathanjenkins/GitHub/GITHUB/AgenticLLM/.venv/lib/python3.11/site-packages/llama_cpp/server/app.py", line 208, in get_event_publisher
    async for chunk in iterate_in_threadpool(iterator):
  File "/Users/jonathanjenkins/GitHub/GITHUB/AgenticLLM/.venv/lib/python3.11/site-packages/starlette/concurrency.py", line 55, in iterate_in_threadpool
    yield await anyio.to_thread.run_sync(_next, as_iterator)
          ^^^^^^^^^^^^^^^^^^^^^^^^^^^^^^^^^^^^^^^^^^^^^^^^^^
  File "/Users/jonathanjenkins/GitHub/GITHUB/AgenticLLM/.venv/lib/python3.11/site-packages/anyio/to_thread.py", line 63, in run_sync
    return await get_async_backend().run_sync_in_worker_thread(
           ^^^^^^^^^^^^^^^^^^^^^^^^^^^^^^^^^^^^^^^^^^^^^^^^^^^^
  File "/Users/jonathanjenkins/GitHub/GITHUB/AgenticLLM/.venv/lib/python3.11/site-packages/anyio/_backends/_asyncio.py", line 2518, in run_sync_in_worker_thread
    return await future
           ^^^^^^^^^^^^
  File "/Users/jonathanjenkins/GitHub/GITHUB/AgenticLLM/.venv/lib/python3.11/site-packages/anyio/_backends/_asyncio.py", line 1002, in run
    result = context.run(func, *args)
             ^^^^^^^^^^^^^^^^^^^^^^^^
  File "/Users/jonathanjenkins/GitHub/GITHUB/AgenticLLM/.venv/lib/python3.11/site-packages/starlette/concurrency.py", line 44, in _next
    return next(iterator)
           ^^^^^^^^^^^^^^
  File "/Users/jonathanjenkins/GitHub/GITHUB/AgenticLLM/.venv/lib/python3.11/site-packages/llama_cpp/llama_chat_format.py", line 328, in _convert_text_completion_chunks_to_chat
    for i, chunk in enumerate(chunks):
  File "/Users/jonathanjenkins/GitHub/GITHUB/AgenticLLM/.venv/lib/python3.11/site-packages/llama_cpp/llama.py", line 1349, in _create_completion
    for token in self.generate(
  File "/Users/jonathanjenkins/GitHub/GITHUB/AgenticLLM/.venv/lib/python3.11/site-packages/llama_cpp/llama.py", line 933, in generate
    self.eval(tokens)
  File "/Users/jonathanjenkins/GitHub/GITHUB/AgenticLLM/.venv/lib/python3.11/site-packages/llama_cpp/llama.py", line 661, in eval
    self._ctx.decode(self._batch)
  File "/Users/jonathanjenkins/GitHub/GITHUB/AgenticLLM/.venv/lib/python3.11/site-packages/llama_cpp/_internals.py", line 330, in decode
    raise RuntimeError(f"llama_decode returned {return_code}")
RuntimeError: llama_decode returned -3
INFO:     127.0.0.1:51628 - "POST /v1/chat/completions HTTP/1.1" 200 OK
Llama.generate: 10 prefix-match hit, remaining 27 prompt tokens to eval
ggml_metal_synchronize: error: command buffer 1 failed with status 5
error: Insufficient Memory (00000008:kIOGPUCommandBufferCallbackErrorOutOfMemory)
ggml_metal_synchronize: error: command buffer 1 failed with status 5
error: Insufficient Memory (00000008:kIOGPUCommandBufferCallbackErrorOutOfMemory)
ggml_metal_synchronize: error: command buffer 1 failed with status 5
error: Insufficient Memory (00000008:kIOGPUCommandBufferCallbackErrorOutOfMemory)
ggml_metal_synchronize: error: command buffer 1 failed with status 5
error: Insufficient Memory (00000008:kIOGPUCommandBufferCallbackErrorOutOfMemory)
ggml_metal_synchronize: error: command buffer 1 failed with status 5
error: Insufficient Memory (00000008:kIOGPUCommandBufferCallbackErrorOutOfMemory)
ggml_metal_synchronize: error: command buffer 1 failed with status 5
error: Insufficient Memory (00000008:kIOGPUCommandBufferCallbackErrorOutOfMemory)
ggml_metal_synchronize: error: command buffer 1 failed with status 5
error: Insufficient Memory (00000008:kIOGPUCommandBufferCallbackErrorOutOfMemory)
ggml_metal_synchronize: error: command buffer 1 failed with status 5
error: Insufficient Memory (00000008:kIOGPUCommandBufferCallbackErrorOutOfMemory)
ggml_metal_synchronize: error: command buffer 1 failed with status 5
error: Insufficient Memory (00000008:kIOGPUCommandBufferCallbackErrorOutOfMemory)
ggml_metal_synchronize: error: command buffer 1 failed with status 5
error: Insufficient Memory (00000008:kIOGPUCommandBufferCallbackErrorOutOfMemory)
ggml_metal_graph_compute: backend is in error state from a previous command buffer failure - recreate the backend to recover
graph_compute: ggml_backend_sched_graph_compute_async failed with error -1
process_ubatch: failed to compute graph, compute status: -1
decode: removing memory module entries for seq_id = 0, pos = [10, +inf)
llama_decode: failed to decode, ret = -3
ERROR:    Exception in ASGI application
  + Exception Group Traceback (most recent call last):
  |   File "/Users/jonathanjenkins/GitHub/GITHUB/AgenticLLM/.venv/lib/python3.11/site-packages/sse_starlette/_utils.py", line 26, in collapse_excgroups
  |     yield
  |   File "/Users/jonathanjenkins/GitHub/GITHUB/AgenticLLM/.venv/lib/python3.11/site-packages/sse_starlette/sse.py", line 479, in __call__
  |     async with anyio.create_task_group() as task_group:
  |   File "/Users/jonathanjenkins/GitHub/GITHUB/AgenticLLM/.venv/lib/python3.11/site-packages/anyio/_backends/_asyncio.py", line 799, in __aexit__
  |     raise BaseExceptionGroup(
  | ExceptionGroup: unhandled errors in a TaskGroup (1 sub-exception)
  +-+---------------- 1 ----------------
    | Traceback (most recent call last):
    |   File "/Users/jonathanjenkins/GitHub/GITHUB/AgenticLLM/.venv/lib/python3.11/site-packages/uvicorn/protocols/http/h11_impl.py", line 415, in run_asgi
    |     result = await app(  # type: ignore[func-returns-value]
    |              ^^^^^^^^^^^^^^^^^^^^^^^^^^^^^^^^^^^^^^^^^^^^^^
    |   File "/Users/jonathanjenkins/GitHub/GITHUB/AgenticLLM/.venv/lib/python3.11/site-packages/uvicorn/middleware/proxy_headers.py", line 56, in __call__
    |     return await self.app(scope, receive, send)
    |            ^^^^^^^^^^^^^^^^^^^^^^^^^^^^^^^^^^^^
    |   File "/Users/jonathanjenkins/GitHub/GITHUB/AgenticLLM/.venv/lib/python3.11/site-packages/fastapi/applications.py", line 1159, in __call__
    |     await super().__call__(scope, receive, send)
    |   File "/Users/jonathanjenkins/GitHub/GITHUB/AgenticLLM/.venv/lib/python3.11/site-packages/starlette/applications.py", line 90, in __call__
    |     await self.middleware_stack(scope, receive, send)
    |   File "/Users/jonathanjenkins/GitHub/GITHUB/AgenticLLM/.venv/lib/python3.11/site-packages/starlette/middleware/errors.py", line 186, in __call__
    |     raise exc
    |   File "/Users/jonathanjenkins/GitHub/GITHUB/AgenticLLM/.venv/lib/python3.11/site-packages/starlette/middleware/errors.py", line 164, in __call__
    |     await self.app(scope, receive, _send)
    |   File "/Users/jonathanjenkins/GitHub/GITHUB/AgenticLLM/.venv/lib/python3.11/site-packages/starlette/middleware/cors.py", line 88, in __call__
    |     await self.app(scope, receive, send)
    |   File "/Users/jonathanjenkins/GitHub/GITHUB/AgenticLLM/.venv/lib/python3.11/site-packages/starlette_context/middleware/raw_middleware.py", line 92, in __call__
    |     await self.app(scope, receive, send_wrapper)
    |   File "/Users/jonathanjenkins/GitHub/GITHUB/AgenticLLM/.venv/lib/python3.11/site-packages/starlette/middleware/exceptions.py", line 63, in __call__
    |     await wrap_app_handling_exceptions(self.app, conn)(scope, receive, send)
    |   File "/Users/jonathanjenkins/GitHub/GITHUB/AgenticLLM/.venv/lib/python3.11/site-packages/starlette/_exception_handler.py", line 53, in wrapped_app
    |     raise exc
    |   File "/Users/jonathanjenkins/GitHub/GITHUB/AgenticLLM/.venv/lib/python3.11/site-packages/starlette/_exception_handler.py", line 42, in wrapped_app
    |     await app(scope, receive, sender)
    |   File "/Users/jonathanjenkins/GitHub/GITHUB/AgenticLLM/.venv/lib/python3.11/site-packages/fastapi/middleware/asyncexitstack.py", line 18, in __call__
    |     await self.app(scope, receive, send)
    |   File "/Users/jonathanjenkins/GitHub/GITHUB/AgenticLLM/.venv/lib/python3.11/site-packages/starlette/routing.py", line 660, in __call__
    |     await self.middleware_stack(scope, receive, send)
    |   File "/Users/jonathanjenkins/GitHub/GITHUB/AgenticLLM/.venv/lib/python3.11/site-packages/starlette/routing.py", line 680, in app
    |     await route.handle(scope, receive, send)
    |   File "/Users/jonathanjenkins/GitHub/GITHUB/AgenticLLM/.venv/lib/python3.11/site-packages/starlette/routing.py", line 276, in handle
    |     await self.app(scope, receive, send)
    |   File "/Users/jonathanjenkins/GitHub/GITHUB/AgenticLLM/.venv/lib/python3.11/site-packages/fastapi/routing.py", line 134, in app
    |     await wrap_app_handling_exceptions(app, request)(scope, receive, send)
    |   File "/Users/jonathanjenkins/GitHub/GITHUB/AgenticLLM/.venv/lib/python3.11/site-packages/starlette/_exception_handler.py", line 53, in wrapped_app
    |     raise exc
    |   File "/Users/jonathanjenkins/GitHub/GITHUB/AgenticLLM/.venv/lib/python3.11/site-packages/starlette/_exception_handler.py", line 42, in wrapped_app
    |     await app(scope, receive, sender)
    |   File "/Users/jonathanjenkins/GitHub/GITHUB/AgenticLLM/.venv/lib/python3.11/site-packages/fastapi/routing.py", line 121, in app
    |     await response(scope, receive, send)
    |   File "/Users/jonathanjenkins/GitHub/GITHUB/AgenticLLM/.venv/lib/python3.11/site-packages/sse_starlette/sse.py", line 478, in __call__
    |     with collapse_excgroups():
    |   File "/Library/Frameworks/Python.framework/Versions/3.11/lib/python3.11/contextlib.py", line 158, in __exit__
    |     self.gen.throw(typ, value, traceback)
    |   File "/Users/jonathanjenkins/GitHub/GITHUB/AgenticLLM/.venv/lib/python3.11/site-packages/sse_starlette/_utils.py", line 34, in collapse_excgroups
    |     raise exc
    |   File "/Users/jonathanjenkins/GitHub/GITHUB/AgenticLLM/.venv/lib/python3.11/site-packages/llama_cpp/server/app.py", line 208, in get_event_publisher
    |     async for chunk in iterate_in_threadpool(iterator):
    |   File "/Users/jonathanjenkins/GitHub/GITHUB/AgenticLLM/.venv/lib/python3.11/site-packages/starlette/concurrency.py", line 55, in iterate_in_threadpool
    |     yield await anyio.to_thread.run_sync(_next, as_iterator)
    |           ^^^^^^^^^^^^^^^^^^^^^^^^^^^^^^^^^^^^^^^^^^^^^^^^^^
    |   File "/Users/jonathanjenkins/GitHub/GITHUB/AgenticLLM/.venv/lib/python3.11/site-packages/anyio/to_thread.py", line 63, in run_sync
    |     return await get_async_backend().run_sync_in_worker_thread(
    |            ^^^^^^^^^^^^^^^^^^^^^^^^^^^^^^^^^^^^^^^^^^^^^^^^^^^^
    |   File "/Users/jonathanjenkins/GitHub/GITHUB/AgenticLLM/.venv/lib/python3.11/site-packages/anyio/_backends/_asyncio.py", line 2518, in run_sync_in_worker_thread
    |     return await future
    |            ^^^^^^^^^^^^
    |   File "/Users/jonathanjenkins/GitHub/GITHUB/AgenticLLM/.venv/lib/python3.11/site-packages/anyio/_backends/_asyncio.py", line 1002, in run
    |     result = context.run(func, *args)
    |              ^^^^^^^^^^^^^^^^^^^^^^^^
    |   File "/Users/jonathanjenkins/GitHub/GITHUB/AgenticLLM/.venv/lib/python3.11/site-packages/starlette/concurrency.py", line 44, in _next
    |     return next(iterator)
    |            ^^^^^^^^^^^^^^
    |   File "/Users/jonathanjenkins/GitHub/GITHUB/AgenticLLM/.venv/lib/python3.11/site-packages/llama_cpp/llama_chat_format.py", line 328, in _convert_text_completion_chunks_to_chat
    |     for i, chunk in enumerate(chunks):
    |   File "/Users/jonathanjenkins/GitHub/GITHUB/AgenticLLM/.venv/lib/python3.11/site-packages/llama_cpp/llama.py", line 1349, in _create_completion
    |     for token in self.generate(
    |   File "/Users/jonathanjenkins/GitHub/GITHUB/AgenticLLM/.venv/lib/python3.11/site-packages/llama_cpp/llama.py", line 933, in generate
    |     self.eval(tokens)
    |   File "/Users/jonathanjenkins/GitHub/GITHUB/AgenticLLM/.venv/lib/python3.11/site-packages/llama_cpp/llama.py", line 661, in eval
    |     self._ctx.decode(self._batch)
    |   File "/Users/jonathanjenkins/GitHub/GITHUB/AgenticLLM/.venv/lib/python3.11/site-packages/llama_cpp/_internals.py", line 330, in decode
    |     raise RuntimeError(f"llama_decode returned {return_code}")
    | RuntimeError: llama_decode returned -3
    +------------------------------------

During handling of the above exception, another exception occurred:

Traceback (most recent call last):
  File "/Users/jonathanjenkins/GitHub/GITHUB/AgenticLLM/.venv/lib/python3.11/site-packages/uvicorn/protocols/http/h11_impl.py", line 415, in run_asgi
    result = await app(  # type: ignore[func-returns-value]
             ^^^^^^^^^^^^^^^^^^^^^^^^^^^^^^^^^^^^^^^^^^^^^^
  File "/Users/jonathanjenkins/GitHub/GITHUB/AgenticLLM/.venv/lib/python3.11/site-packages/uvicorn/middleware/proxy_headers.py", line 56, in __call__
    return await self.app(scope, receive, send)
           ^^^^^^^^^^^^^^^^^^^^^^^^^^^^^^^^^^^^
  File "/Users/jonathanjenkins/GitHub/GITHUB/AgenticLLM/.venv/lib/python3.11/site-packages/fastapi/applications.py", line 1159, in __call__
    await super().__call__(scope, receive, send)
  File "/Users/jonathanjenkins/GitHub/GITHUB/AgenticLLM/.venv/lib/python3.11/site-packages/starlette/applications.py", line 90, in __call__
    await self.middleware_stack(scope, receive, send)
  File "/Users/jonathanjenkins/GitHub/GITHUB/AgenticLLM/.venv/lib/python3.11/site-packages/starlette/middleware/errors.py", line 186, in __call__
    raise exc
  File "/Users/jonathanjenkins/GitHub/GITHUB/AgenticLLM/.venv/lib/python3.11/site-packages/starlette/middleware/errors.py", line 164, in __call__
    await self.app(scope, receive, _send)
  File "/Users/jonathanjenkins/GitHub/GITHUB/AgenticLLM/.venv/lib/python3.11/site-packages/starlette/middleware/cors.py", line 88, in __call__
    await self.app(scope, receive, send)
  File "/Users/jonathanjenkins/GitHub/GITHUB/AgenticLLM/.venv/lib/python3.11/site-packages/starlette_context/middleware/raw_middleware.py", line 92, in __call__
    await self.app(scope, receive, send_wrapper)
  File "/Users/jonathanjenkins/GitHub/GITHUB/AgenticLLM/.venv/lib/python3.11/site-packages/starlette/middleware/exceptions.py", line 63, in __call__
    await wrap_app_handling_exceptions(self.app, conn)(scope, receive, send)
  File "/Users/jonathanjenkins/GitHub/GITHUB/AgenticLLM/.venv/lib/python3.11/site-packages/starlette/_exception_handler.py", line 53, in wrapped_app
    raise exc
  File "/Users/jonathanjenkins/GitHub/GITHUB/AgenticLLM/.venv/lib/python3.11/site-packages/starlette/_exception_handler.py", line 42, in wrapped_app
    await app(scope, receive, sender)
  File "/Users/jonathanjenkins/GitHub/GITHUB/AgenticLLM/.venv/lib/python3.11/site-packages/fastapi/middleware/asyncexitstack.py", line 18, in __call__
    await self.app(scope, receive, send)
  File "/Users/jonathanjenkins/GitHub/GITHUB/AgenticLLM/.venv/lib/python3.11/site-packages/starlette/routing.py", line 660, in __call__
    await self.middleware_stack(scope, receive, send)
  File "/Users/jonathanjenkins/GitHub/GITHUB/AgenticLLM/.venv/lib/python3.11/site-packages/starlette/routing.py", line 680, in app
    await route.handle(scope, receive, send)
  File "/Users/jonathanjenkins/GitHub/GITHUB/AgenticLLM/.venv/lib/python3.11/site-packages/starlette/routing.py", line 276, in handle
    await self.app(scope, receive, send)
  File "/Users/jonathanjenkins/GitHub/GITHUB/AgenticLLM/.venv/lib/python3.11/site-packages/fastapi/routing.py", line 134, in app
    await wrap_app_handling_exceptions(app, request)(scope, receive, send)
  File "/Users/jonathanjenkins/GitHub/GITHUB/AgenticLLM/.venv/lib/python3.11/site-packages/starlette/_exception_handler.py", line 53, in wrapped_app
    raise exc
  File "/Users/jonathanjenkins/GitHub/GITHUB/AgenticLLM/.venv/lib/python3.11/site-packages/starlette/_exception_handler.py", line 42, in wrapped_app
    await app(scope, receive, sender)
  File "/Users/jonathanjenkins/GitHub/GITHUB/AgenticLLM/.venv/lib/python3.11/site-packages/fastapi/routing.py", line 121, in app
    await response(scope, receive, send)
  File "/Users/jonathanjenkins/GitHub/GITHUB/AgenticLLM/.venv/lib/python3.11/site-packages/sse_starlette/sse.py", line 478, in __call__
    with collapse_excgroups():
  File "/Library/Frameworks/Python.framework/Versions/3.11/lib/python3.11/contextlib.py", line 158, in __exit__
    self.gen.throw(typ, value, traceback)
  File "/Users/jonathanjenkins/GitHub/GITHUB/AgenticLLM/.venv/lib/python3.11/site-packages/sse_starlette/_utils.py", line 34, in collapse_excgroups
    raise exc
  File "/Users/jonathanjenkins/GitHub/GITHUB/AgenticLLM/.venv/lib/python3.11/site-packages/llama_cpp/server/app.py", line 208, in get_event_publisher
    async for chunk in iterate_in_threadpool(iterator):
  File "/Users/jonathanjenkins/GitHub/GITHUB/AgenticLLM/.venv/lib/python3.11/site-packages/starlette/concurrency.py", line 55, in iterate_in_threadpool
    yield await anyio.to_thread.run_sync(_next, as_iterator)
          ^^^^^^^^^^^^^^^^^^^^^^^^^^^^^^^^^^^^^^^^^^^^^^^^^^
  File "/Users/jonathanjenkins/GitHub/GITHUB/AgenticLLM/.venv/lib/python3.11/site-packages/anyio/to_thread.py", line 63, in run_sync
    return await get_async_backend().run_sync_in_worker_thread(
           ^^^^^^^^^^^^^^^^^^^^^^^^^^^^^^^^^^^^^^^^^^^^^^^^^^^^
  File "/Users/jonathanjenkins/GitHub/GITHUB/AgenticLLM/.venv/lib/python3.11/site-packages/anyio/_backends/_asyncio.py", line 2518, in run_sync_in_worker_thread
    return await future
           ^^^^^^^^^^^^
  File "/Users/jonathanjenkins/GitHub/GITHUB/AgenticLLM/.venv/lib/python3.11/site-packages/anyio/_backends/_asyncio.py", line 1002, in run
    result = context.run(func, *args)
             ^^^^^^^^^^^^^^^^^^^^^^^^
  File "/Users/jonathanjenkins/GitHub/GITHUB/AgenticLLM/.venv/lib/python3.11/site-packages/starlette/concurrency.py", line 44, in _next
    return next(iterator)
           ^^^^^^^^^^^^^^
  File "/Users/jonathanjenkins/GitHub/GITHUB/AgenticLLM/.venv/lib/python3.11/site-packages/llama_cpp/llama_chat_format.py", line 328, in _convert_text_completion_chunks_to_chat
    for i, chunk in enumerate(chunks):
  File "/Users/jonathanjenkins/GitHub/GITHUB/AgenticLLM/.venv/lib/python3.11/site-packages/llama_cpp/llama.py", line 1349, in _create_completion
    for token in self.generate(
  File "/Users/jonathanjenkins/GitHub/GITHUB/AgenticLLM/.venv/lib/python3.11/site-packages/llama_cpp/llama.py", line 933, in generate
    self.eval(tokens)
  File "/Users/jonathanjenkins/GitHub/GITHUB/AgenticLLM/.venv/lib/python3.11/site-packages/llama_cpp/llama.py", line 661, in eval
    self._ctx.decode(self._batch)
  File "/Users/jonathanjenkins/GitHub/GITHUB/AgenticLLM/.venv/lib/python3.11/site-packages/llama_cpp/_internals.py", line 330, in decode
    raise RuntimeError(f"llama_decode returned {return_code}")
RuntimeError: llama_decode returned -3
INFO:     127.0.0.1:51629 - "POST /v1/chat/completions HTTP/1.1" 200 OK
Llama.generate: 10 prefix-match hit, remaining 27 prompt tokens to eval
ggml_metal_synchronize: error: command buffer 1 failed with status 5
error: Insufficient Memory (00000008:kIOGPUCommandBufferCallbackErrorOutOfMemory)
ggml_metal_synchronize: error: command buffer 1 failed with status 5
error: Insufficient Memory (00000008:kIOGPUCommandBufferCallbackErrorOutOfMemory)
ggml_metal_synchronize: error: command buffer 1 failed with status 5
error: Insufficient Memory (00000008:kIOGPUCommandBufferCallbackErrorOutOfMemory)
ggml_metal_synchronize: error: command buffer 1 failed with status 5
error: Insufficient Memory (00000008:kIOGPUCommandBufferCallbackErrorOutOfMemory)
ggml_metal_synchronize: error: command buffer 1 failed with status 5
error: Insufficient Memory (00000008:kIOGPUCommandBufferCallbackErrorOutOfMemory)
ggml_metal_synchronize: error: command buffer 1 failed with status 5
error: Insufficient Memory (00000008:kIOGPUCommandBufferCallbackErrorOutOfMemory)
ggml_metal_synchronize: error: command buffer 1 failed with status 5
error: Insufficient Memory (00000008:kIOGPUCommandBufferCallbackErrorOutOfMemory)
ggml_metal_synchronize: error: command buffer 1 failed with status 5
error: Insufficient Memory (00000008:kIOGPUCommandBufferCallbackErrorOutOfMemory)
ggml_metal_synchronize: error: command buffer 1 failed with status 5
error: Insufficient Memory (00000008:kIOGPUCommandBufferCallbackErrorOutOfMemory)
ggml_metal_synchronize: error: command buffer 1 failed with status 5
error: Insufficient Memory (00000008:kIOGPUCommandBufferCallbackErrorOutOfMemory)
ggml_metal_graph_compute: backend is in error state from a previous command buffer failure - recreate the backend to recover
graph_compute: ggml_backend_sched_graph_compute_async failed with error -1
process_ubatch: failed to compute graph, compute status: -1
decode: removing memory module entries for seq_id = 0, pos = [10, +inf)
llama_decode: failed to decode, ret = -3
ERROR:    Exception in ASGI application
  + Exception Group Traceback (most recent call last):
  |   File "/Users/jonathanjenkins/GitHub/GITHUB/AgenticLLM/.venv/lib/python3.11/site-packages/sse_starlette/_utils.py", line 26, in collapse_excgroups
  |     yield
  |   File "/Users/jonathanjenkins/GitHub/GITHUB/AgenticLLM/.venv/lib/python3.11/site-packages/sse_starlette/sse.py", line 479, in __call__
  |     async with anyio.create_task_group() as task_group:
  |   File "/Users/jonathanjenkins/GitHub/GITHUB/AgenticLLM/.venv/lib/python3.11/site-packages/anyio/_backends/_asyncio.py", line 799, in __aexit__
  |     raise BaseExceptionGroup(
  | ExceptionGroup: unhandled errors in a TaskGroup (1 sub-exception)
  +-+---------------- 1 ----------------
    | Traceback (most recent call last):
    |   File "/Users/jonathanjenkins/GitHub/GITHUB/AgenticLLM/.venv/lib/python3.11/site-packages/uvicorn/protocols/http/h11_impl.py", line 415, in run_asgi
    |     result = await app(  # type: ignore[func-returns-value]
    |              ^^^^^^^^^^^^^^^^^^^^^^^^^^^^^^^^^^^^^^^^^^^^^^
    |   File "/Users/jonathanjenkins/GitHub/GITHUB/AgenticLLM/.venv/lib/python3.11/site-packages/uvicorn/middleware/proxy_headers.py", line 56, in __call__
    |     return await self.app(scope, receive, send)
    |            ^^^^^^^^^^^^^^^^^^^^^^^^^^^^^^^^^^^^
    |   File "/Users/jonathanjenkins/GitHub/GITHUB/AgenticLLM/.venv/lib/python3.11/site-packages/fastapi/applications.py", line 1159, in __call__
    |     await super().__call__(scope, receive, send)
    |   File "/Users/jonathanjenkins/GitHub/GITHUB/AgenticLLM/.venv/lib/python3.11/site-packages/starlette/applications.py", line 90, in __call__
    |     await self.middleware_stack(scope, receive, send)
    |   File "/Users/jonathanjenkins/GitHub/GITHUB/AgenticLLM/.venv/lib/python3.11/site-packages/starlette/middleware/errors.py", line 186, in __call__
    |     raise exc
    |   File "/Users/jonathanjenkins/GitHub/GITHUB/AgenticLLM/.venv/lib/python3.11/site-packages/starlette/middleware/errors.py", line 164, in __call__
    |     await self.app(scope, receive, _send)
    |   File "/Users/jonathanjenkins/GitHub/GITHUB/AgenticLLM/.venv/lib/python3.11/site-packages/starlette/middleware/cors.py", line 88, in __call__
    |     await self.app(scope, receive, send)
    |   File "/Users/jonathanjenkins/GitHub/GITHUB/AgenticLLM/.venv/lib/python3.11/site-packages/starlette_context/middleware/raw_middleware.py", line 92, in __call__
    |     await self.app(scope, receive, send_wrapper)
    |   File "/Users/jonathanjenkins/GitHub/GITHUB/AgenticLLM/.venv/lib/python3.11/site-packages/starlette/middleware/exceptions.py", line 63, in __call__
    |     await wrap_app_handling_exceptions(self.app, conn)(scope, receive, send)
    |   File "/Users/jonathanjenkins/GitHub/GITHUB/AgenticLLM/.venv/lib/python3.11/site-packages/starlette/_exception_handler.py", line 53, in wrapped_app
    |     raise exc
    |   File "/Users/jonathanjenkins/GitHub/GITHUB/AgenticLLM/.venv/lib/python3.11/site-packages/starlette/_exception_handler.py", line 42, in wrapped_app
    |     await app(scope, receive, sender)
    |   File "/Users/jonathanjenkins/GitHub/GITHUB/AgenticLLM/.venv/lib/python3.11/site-packages/fastapi/middleware/asyncexitstack.py", line 18, in __call__
    |     await self.app(scope, receive, send)
    |   File "/Users/jonathanjenkins/GitHub/GITHUB/AgenticLLM/.venv/lib/python3.11/site-packages/starlette/routing.py", line 660, in __call__
    |     await self.middleware_stack(scope, receive, send)
    |   File "/Users/jonathanjenkins/GitHub/GITHUB/AgenticLLM/.venv/lib/python3.11/site-packages/starlette/routing.py", line 680, in app
    |     await route.handle(scope, receive, send)
    |   File "/Users/jonathanjenkins/GitHub/GITHUB/AgenticLLM/.venv/lib/python3.11/site-packages/starlette/routing.py", line 276, in handle
    |     await self.app(scope, receive, send)
    |   File "/Users/jonathanjenkins/GitHub/GITHUB/AgenticLLM/.venv/lib/python3.11/site-packages/fastapi/routing.py", line 134, in app
    |     await wrap_app_handling_exceptions(app, request)(scope, receive, send)
    |   File "/Users/jonathanjenkins/GitHub/GITHUB/AgenticLLM/.venv/lib/python3.11/site-packages/starlette/_exception_handler.py", line 53, in wrapped_app
    |     raise exc
    |   File "/Users/jonathanjenkins/GitHub/GITHUB/AgenticLLM/.venv/lib/python3.11/site-packages/starlette/_exception_handler.py", line 42, in wrapped_app
    |     await app(scope, receive, sender)
    |   File "/Users/jonathanjenkins/GitHub/GITHUB/AgenticLLM/.venv/lib/python3.11/site-packages/fastapi/routing.py", line 121, in app
    |     await response(scope, receive, send)
    |   File "/Users/jonathanjenkins/GitHub/GITHUB/AgenticLLM/.venv/lib/python3.11/site-packages/sse_starlette/sse.py", line 478, in __call__
    |     with collapse_excgroups():
    |   File "/Library/Frameworks/Python.framework/Versions/3.11/lib/python3.11/contextlib.py", line 158, in __exit__
    |     self.gen.throw(typ, value, traceback)
    |   File "/Users/jonathanjenkins/GitHub/GITHUB/AgenticLLM/.venv/lib/python3.11/site-packages/sse_starlette/_utils.py", line 34, in collapse_excgroups
    |     raise exc
    |   File "/Users/jonathanjenkins/GitHub/GITHUB/AgenticLLM/.venv/lib/python3.11/site-packages/llama_cpp/server/app.py", line 208, in get_event_publisher
    |     async for chunk in iterate_in_threadpool(iterator):
    |   File "/Users/jonathanjenkins/GitHub/GITHUB/AgenticLLM/.venv/lib/python3.11/site-packages/starlette/concurrency.py", line 55, in iterate_in_threadpool
    |     yield await anyio.to_thread.run_sync(_next, as_iterator)
    |           ^^^^^^^^^^^^^^^^^^^^^^^^^^^^^^^^^^^^^^^^^^^^^^^^^^
    |   File "/Users/jonathanjenkins/GitHub/GITHUB/AgenticLLM/.venv/lib/python3.11/site-packages/anyio/to_thread.py", line 63, in run_sync
    |     return await get_async_backend().run_sync_in_worker_thread(
    |            ^^^^^^^^^^^^^^^^^^^^^^^^^^^^^^^^^^^^^^^^^^^^^^^^^^^^
    |   File "/Users/jonathanjenkins/GitHub/GITHUB/AgenticLLM/.venv/lib/python3.11/site-packages/anyio/_backends/_asyncio.py", line 2518, in run_sync_in_worker_thread
    |     return await future
    |            ^^^^^^^^^^^^
    |   File "/Users/jonathanjenkins/GitHub/GITHUB/AgenticLLM/.venv/lib/python3.11/site-packages/anyio/_backends/_asyncio.py", line 1002, in run
    |     result = context.run(func, *args)
    |              ^^^^^^^^^^^^^^^^^^^^^^^^
    |   File "/Users/jonathanjenkins/GitHub/GITHUB/AgenticLLM/.venv/lib/python3.11/site-packages/starlette/concurrency.py", line 44, in _next
    |     return next(iterator)
    |            ^^^^^^^^^^^^^^
    |   File "/Users/jonathanjenkins/GitHub/GITHUB/AgenticLLM/.venv/lib/python3.11/site-packages/llama_cpp/llama_chat_format.py", line 328, in _convert_text_completion_chunks_to_chat
    |     for i, chunk in enumerate(chunks):
    |   File "/Users/jonathanjenkins/GitHub/GITHUB/AgenticLLM/.venv/lib/python3.11/site-packages/llama_cpp/llama.py", line 1349, in _create_completion
    |     for token in self.generate(
    |   File "/Users/jonathanjenkins/GitHub/GITHUB/AgenticLLM/.venv/lib/python3.11/site-packages/llama_cpp/llama.py", line 933, in generate
    |     self.eval(tokens)
    |   File "/Users/jonathanjenkins/GitHub/GITHUB/AgenticLLM/.venv/lib/python3.11/site-packages/llama_cpp/llama.py", line 661, in eval
    |     self._ctx.decode(self._batch)
    |   File "/Users/jonathanjenkins/GitHub/GITHUB/AgenticLLM/.venv/lib/python3.11/site-packages/llama_cpp/_internals.py", line 330, in decode
    |     raise RuntimeError(f"llama_decode returned {return_code}")
    | RuntimeError: llama_decode returned -3
    +------------------------------------

During handling of the above exception, another exception occurred:

Traceback (most recent call last):
  File "/Users/jonathanjenkins/GitHub/GITHUB/AgenticLLM/.venv/lib/python3.11/site-packages/uvicorn/protocols/http/h11_impl.py", line 415, in run_asgi
    result = await app(  # type: ignore[func-returns-value]
             ^^^^^^^^^^^^^^^^^^^^^^^^^^^^^^^^^^^^^^^^^^^^^^
  File "/Users/jonathanjenkins/GitHub/GITHUB/AgenticLLM/.venv/lib/python3.11/site-packages/uvicorn/middleware/proxy_headers.py", line 56, in __call__
    return await self.app(scope, receive, send)
           ^^^^^^^^^^^^^^^^^^^^^^^^^^^^^^^^^^^^
  File "/Users/jonathanjenkins/GitHub/GITHUB/AgenticLLM/.venv/lib/python3.11/site-packages/fastapi/applications.py", line 1159, in __call__
    await super().__call__(scope, receive, send)
  File "/Users/jonathanjenkins/GitHub/GITHUB/AgenticLLM/.venv/lib/python3.11/site-packages/starlette/applications.py", line 90, in __call__
    await self.middleware_stack(scope, receive, send)
  File "/Users/jonathanjenkins/GitHub/GITHUB/AgenticLLM/.venv/lib/python3.11/site-packages/starlette/middleware/errors.py", line 186, in __call__
    raise exc
  File "/Users/jonathanjenkins/GitHub/GITHUB/AgenticLLM/.venv/lib/python3.11/site-packages/starlette/middleware/errors.py", line 164, in __call__
    await self.app(scope, receive, _send)
  File "/Users/jonathanjenkins/GitHub/GITHUB/AgenticLLM/.venv/lib/python3.11/site-packages/starlette/middleware/cors.py", line 88, in __call__
    await self.app(scope, receive, send)
  File "/Users/jonathanjenkins/GitHub/GITHUB/AgenticLLM/.venv/lib/python3.11/site-packages/starlette_context/middleware/raw_middleware.py", line 92, in __call__
    await self.app(scope, receive, send_wrapper)
  File "/Users/jonathanjenkins/GitHub/GITHUB/AgenticLLM/.venv/lib/python3.11/site-packages/starlette/middleware/exceptions.py", line 63, in __call__
    await wrap_app_handling_exceptions(self.app, conn)(scope, receive, send)
  File "/Users/jonathanjenkins/GitHub/GITHUB/AgenticLLM/.venv/lib/python3.11/site-packages/starlette/_exception_handler.py", line 53, in wrapped_app
    raise exc
  File "/Users/jonathanjenkins/GitHub/GITHUB/AgenticLLM/.venv/lib/python3.11/site-packages/starlette/_exception_handler.py", line 42, in wrapped_app
    await app(scope, receive, sender)
  File "/Users/jonathanjenkins/GitHub/GITHUB/AgenticLLM/.venv/lib/python3.11/site-packages/fastapi/middleware/asyncexitstack.py", line 18, in __call__
    await self.app(scope, receive, send)
  File "/Users/jonathanjenkins/GitHub/GITHUB/AgenticLLM/.venv/lib/python3.11/site-packages/starlette/routing.py", line 660, in __call__
    await self.middleware_stack(scope, receive, send)
  File "/Users/jonathanjenkins/GitHub/GITHUB/AgenticLLM/.venv/lib/python3.11/site-packages/starlette/routing.py", line 680, in app
    await route.handle(scope, receive, send)
  File "/Users/jonathanjenkins/GitHub/GITHUB/AgenticLLM/.venv/lib/python3.11/site-packages/starlette/routing.py", line 276, in handle
    await self.app(scope, receive, send)
  File "/Users/jonathanjenkins/GitHub/GITHUB/AgenticLLM/.venv/lib/python3.11/site-packages/fastapi/routing.py", line 134, in app
    await wrap_app_handling_exceptions(app, request)(scope, receive, send)
  File "/Users/jonathanjenkins/GitHub/GITHUB/AgenticLLM/.venv/lib/python3.11/site-packages/starlette/_exception_handler.py", line 53, in wrapped_app
    raise exc
  File "/Users/jonathanjenkins/GitHub/GITHUB/AgenticLLM/.venv/lib/python3.11/site-packages/starlette/_exception_handler.py", line 42, in wrapped_app
    await app(scope, receive, sender)
  File "/Users/jonathanjenkins/GitHub/GITHUB/AgenticLLM/.venv/lib/python3.11/site-packages/fastapi/routing.py", line 121, in app
    await response(scope, receive, send)
  File "/Users/jonathanjenkins/GitHub/GITHUB/AgenticLLM/.venv/lib/python3.11/site-packages/sse_starlette/sse.py", line 478, in __call__
    with collapse_excgroups():
  File "/Library/Frameworks/Python.framework/Versions/3.11/lib/python3.11/contextlib.py", line 158, in __exit__
    self.gen.throw(typ, value, traceback)
  File "/Users/jonathanjenkins/GitHub/GITHUB/AgenticLLM/.venv/lib/python3.11/site-packages/sse_starlette/_utils.py", line 34, in collapse_excgroups
    raise exc
  File "/Users/jonathanjenkins/GitHub/GITHUB/AgenticLLM/.venv/lib/python3.11/site-packages/llama_cpp/server/app.py", line 208, in get_event_publisher
    async for chunk in iterate_in_threadpool(iterator):
  File "/Users/jonathanjenkins/GitHub/GITHUB/AgenticLLM/.venv/lib/python3.11/site-packages/starlette/concurrency.py", line 55, in iterate_in_threadpool
    yield await anyio.to_thread.run_sync(_next, as_iterator)
          ^^^^^^^^^^^^^^^^^^^^^^^^^^^^^^^^^^^^^^^^^^^^^^^^^^
  File "/Users/jonathanjenkins/GitHub/GITHUB/AgenticLLM/.venv/lib/python3.11/site-packages/anyio/to_thread.py", line 63, in run_sync
    return await get_async_backend().run_sync_in_worker_thread(
           ^^^^^^^^^^^^^^^^^^^^^^^^^^^^^^^^^^^^^^^^^^^^^^^^^^^^
  File "/Users/jonathanjenkins/GitHub/GITHUB/AgenticLLM/.venv/lib/python3.11/site-packages/anyio/_backends/_asyncio.py", line 2518, in run_sync_in_worker_thread
    return await future
           ^^^^^^^^^^^^
  File "/Users/jonathanjenkins/GitHub/GITHUB/AgenticLLM/.venv/lib/python3.11/site-packages/anyio/_backends/_asyncio.py", line 1002, in run
    result = context.run(func, *args)
             ^^^^^^^^^^^^^^^^^^^^^^^^
  File "/Users/jonathanjenkins/GitHub/GITHUB/AgenticLLM/.venv/lib/python3.11/site-packages/starlette/concurrency.py", line 44, in _next
    return next(iterator)
           ^^^^^^^^^^^^^^
  File "/Users/jonathanjenkins/GitHub/GITHUB/AgenticLLM/.venv/lib/python3.11/site-packages/llama_cpp/llama_chat_format.py", line 328, in _convert_text_completion_chunks_to_chat
    for i, chunk in enumerate(chunks):
  File "/Users/jonathanjenkins/GitHub/GITHUB/AgenticLLM/.venv/lib/python3.11/site-packages/llama_cpp/llama.py", line 1349, in _create_completion
    for token in self.generate(
  File "/Users/jonathanjenkins/GitHub/GITHUB/AgenticLLM/.venv/lib/python3.11/site-packages/llama_cpp/llama.py", line 933, in generate
    self.eval(tokens)
  File "/Users/jonathanjenkins/GitHub/GITHUB/AgenticLLM/.venv/lib/python3.11/site-packages/llama_cpp/llama.py", line 661, in eval
    self._ctx.decode(self._batch)
  File "/Users/jonathanjenkins/GitHub/GITHUB/AgenticLLM/.venv/lib/python3.11/site-packages/llama_cpp/_internals.py", line 330, in decode
    raise RuntimeError(f"llama_decode returned {return_code}")
RuntimeError: llama_decode returned -3
INFO:     127.0.0.1:51630 - "POST /v1/chat/completions HTTP/1.1" 200 OK
Llama.generate: 10 prefix-match hit, remaining 27 prompt tokens to eval
ggml_metal_synchronize: error: command buffer 1 failed with status 5
error: Insufficient Memory (00000008:kIOGPUCommandBufferCallbackErrorOutOfMemory)
ggml_metal_synchronize: error: command buffer 1 failed with status 5
error: Insufficient Memory (00000008:kIOGPUCommandBufferCallbackErrorOutOfMemory)
ggml_metal_synchronize: error: command buffer 1 failed with status 5
error: Insufficient Memory (00000008:kIOGPUCommandBufferCallbackErrorOutOfMemory)
ggml_metal_synchronize: error: command buffer 1 failed with status 5
error: Insufficient Memory (00000008:kIOGPUCommandBufferCallbackErrorOutOfMemory)
ggml_metal_synchronize: error: command buffer 1 failed with status 5
error: Insufficient Memory (00000008:kIOGPUCommandBufferCallbackErrorOutOfMemory)
ggml_metal_synchronize: error: command buffer 1 failed with status 5
error: Insufficient Memory (00000008:kIOGPUCommandBufferCallbackErrorOutOfMemory)
ggml_metal_synchronize: error: command buffer 1 failed with status 5
error: Insufficient Memory (00000008:kIOGPUCommandBufferCallbackErrorOutOfMemory)
ggml_metal_synchronize: error: command buffer 1 failed with status 5
error: Insufficient Memory (00000008:kIOGPUCommandBufferCallbackErrorOutOfMemory)
ggml_metal_synchronize: error: command buffer 1 failed with status 5
error: Insufficient Memory (00000008:kIOGPUCommandBufferCallbackErrorOutOfMemory)
ggml_metal_synchronize: error: command buffer 1 failed with status 5
error: Insufficient Memory (00000008:kIOGPUCommandBufferCallbackErrorOutOfMemory)
ggml_metal_graph_compute: backend is in error state from a previous command buffer failure - recreate the backend to recover
graph_compute: ggml_backend_sched_graph_compute_async failed with error -1
process_ubatch: failed to compute graph, compute status: -1
decode: removing memory module entries for seq_id = 0, pos = [10, +inf)
llama_decode: failed to decode, ret = -3
ERROR:    Exception in ASGI application
  + Exception Group Traceback (most recent call last):
  |   File "/Users/jonathanjenkins/GitHub/GITHUB/AgenticLLM/.venv/lib/python3.11/site-packages/sse_starlette/_utils.py", line 26, in collapse_excgroups
  |     yield
  |   File "/Users/jonathanjenkins/GitHub/GITHUB/AgenticLLM/.venv/lib/python3.11/site-packages/sse_starlette/sse.py", line 479, in __call__
  |     async with anyio.create_task_group() as task_group:
  |   File "/Users/jonathanjenkins/GitHub/GITHUB/AgenticLLM/.venv/lib/python3.11/site-packages/anyio/_backends/_asyncio.py", line 799, in __aexit__
  |     raise BaseExceptionGroup(
  | ExceptionGroup: unhandled errors in a TaskGroup (1 sub-exception)
  +-+---------------- 1 ----------------
    | Traceback (most recent call last):
    |   File "/Users/jonathanjenkins/GitHub/GITHUB/AgenticLLM/.venv/lib/python3.11/site-packages/uvicorn/protocols/http/h11_impl.py", line 415, in run_asgi
    |     result = await app(  # type: ignore[func-returns-value]
    |              ^^^^^^^^^^^^^^^^^^^^^^^^^^^^^^^^^^^^^^^^^^^^^^
    |   File "/Users/jonathanjenkins/GitHub/GITHUB/AgenticLLM/.venv/lib/python3.11/site-packages/uvicorn/middleware/proxy_headers.py", line 56, in __call__
    |     return await self.app(scope, receive, send)
    |            ^^^^^^^^^^^^^^^^^^^^^^^^^^^^^^^^^^^^
    |   File "/Users/jonathanjenkins/GitHub/GITHUB/AgenticLLM/.venv/lib/python3.11/site-packages/fastapi/applications.py", line 1159, in __call__
    |     await super().__call__(scope, receive, send)
    |   File "/Users/jonathanjenkins/GitHub/GITHUB/AgenticLLM/.venv/lib/python3.11/site-packages/starlette/applications.py", line 90, in __call__
    |     await self.middleware_stack(scope, receive, send)
    |   File "/Users/jonathanjenkins/GitHub/GITHUB/AgenticLLM/.venv/lib/python3.11/site-packages/starlette/middleware/errors.py", line 186, in __call__
    |     raise exc
    |   File "/Users/jonathanjenkins/GitHub/GITHUB/AgenticLLM/.venv/lib/python3.11/site-packages/starlette/middleware/errors.py", line 164, in __call__
    |     await self.app(scope, receive, _send)
    |   File "/Users/jonathanjenkins/GitHub/GITHUB/AgenticLLM/.venv/lib/python3.11/site-packages/starlette/middleware/cors.py", line 88, in __call__
    |     await self.app(scope, receive, send)
    |   File "/Users/jonathanjenkins/GitHub/GITHUB/AgenticLLM/.venv/lib/python3.11/site-packages/starlette_context/middleware/raw_middleware.py", line 92, in __call__
    |     await self.app(scope, receive, send_wrapper)
    |   File "/Users/jonathanjenkins/GitHub/GITHUB/AgenticLLM/.venv/lib/python3.11/site-packages/starlette/middleware/exceptions.py", line 63, in __call__
    |     await wrap_app_handling_exceptions(self.app, conn)(scope, receive, send)
    |   File "/Users/jonathanjenkins/GitHub/GITHUB/AgenticLLM/.venv/lib/python3.11/site-packages/starlette/_exception_handler.py", line 53, in wrapped_app
    |     raise exc
    |   File "/Users/jonathanjenkins/GitHub/GITHUB/AgenticLLM/.venv/lib/python3.11/site-packages/starlette/_exception_handler.py", line 42, in wrapped_app
    |     await app(scope, receive, sender)
    |   File "/Users/jonathanjenkins/GitHub/GITHUB/AgenticLLM/.venv/lib/python3.11/site-packages/fastapi/middleware/asyncexitstack.py", line 18, in __call__
    |     await self.app(scope, receive, send)
    |   File "/Users/jonathanjenkins/GitHub/GITHUB/AgenticLLM/.venv/lib/python3.11/site-packages/starlette/routing.py", line 660, in __call__
    |     await self.middleware_stack(scope, receive, send)
    |   File "/Users/jonathanjenkins/GitHub/GITHUB/AgenticLLM/.venv/lib/python3.11/site-packages/starlette/routing.py", line 680, in app
    |     await route.handle(scope, receive, send)
    |   File "/Users/jonathanjenkins/GitHub/GITHUB/AgenticLLM/.venv/lib/python3.11/site-packages/starlette/routing.py", line 276, in handle
    |     await self.app(scope, receive, send)
    |   File "/Users/jonathanjenkins/GitHub/GITHUB/AgenticLLM/.venv/lib/python3.11/site-packages/fastapi/routing.py", line 134, in app
    |     await wrap_app_handling_exceptions(app, request)(scope, receive, send)
    |   File "/Users/jonathanjenkins/GitHub/GITHUB/AgenticLLM/.venv/lib/python3.11/site-packages/starlette/_exception_handler.py", line 53, in wrapped_app
    |     raise exc
    |   File "/Users/jonathanjenkins/GitHub/GITHUB/AgenticLLM/.venv/lib/python3.11/site-packages/starlette/_exception_handler.py", line 42, in wrapped_app
    |     await app(scope, receive, sender)
    |   File "/Users/jonathanjenkins/GitHub/GITHUB/AgenticLLM/.venv/lib/python3.11/site-packages/fastapi/routing.py", line 121, in app
    |     await response(scope, receive, send)
    |   File "/Users/jonathanjenkins/GitHub/GITHUB/AgenticLLM/.venv/lib/python3.11/site-packages/sse_starlette/sse.py", line 478, in __call__
    |     with collapse_excgroups():
    |   File "/Library/Frameworks/Python.framework/Versions/3.11/lib/python3.11/contextlib.py", line 158, in __exit__
    |     self.gen.throw(typ, value, traceback)
    |   File "/Users/jonathanjenkins/GitHub/GITHUB/AgenticLLM/.venv/lib/python3.11/site-packages/sse_starlette/_utils.py", line 34, in collapse_excgroups
    |     raise exc
    |   File "/Users/jonathanjenkins/GitHub/GITHUB/AgenticLLM/.venv/lib/python3.11/site-packages/llama_cpp/server/app.py", line 208, in get_event_publisher
    |     async for chunk in iterate_in_threadpool(iterator):
    |   File "/Users/jonathanjenkins/GitHub/GITHUB/AgenticLLM/.venv/lib/python3.11/site-packages/starlette/concurrency.py", line 55, in iterate_in_threadpool
    |     yield await anyio.to_thread.run_sync(_next, as_iterator)
    |           ^^^^^^^^^^^^^^^^^^^^^^^^^^^^^^^^^^^^^^^^^^^^^^^^^^
    |   File "/Users/jonathanjenkins/GitHub/GITHUB/AgenticLLM/.venv/lib/python3.11/site-packages/anyio/to_thread.py", line 63, in run_sync
    |     return await get_async_backend().run_sync_in_worker_thread(
    |            ^^^^^^^^^^^^^^^^^^^^^^^^^^^^^^^^^^^^^^^^^^^^^^^^^^^^
    |   File "/Users/jonathanjenkins/GitHub/GITHUB/AgenticLLM/.venv/lib/python3.11/site-packages/anyio/_backends/_asyncio.py", line 2518, in run_sync_in_worker_thread
    |     return await future
    |            ^^^^^^^^^^^^
    |   File "/Users/jonathanjenkins/GitHub/GITHUB/AgenticLLM/.venv/lib/python3.11/site-packages/anyio/_backends/_asyncio.py", line 1002, in run
    |     result = context.run(func, *args)
    |              ^^^^^^^^^^^^^^^^^^^^^^^^
    |   File "/Users/jonathanjenkins/GitHub/GITHUB/AgenticLLM/.venv/lib/python3.11/site-packages/starlette/concurrency.py", line 44, in _next
    |     return next(iterator)
    |            ^^^^^^^^^^^^^^
    |   File "/Users/jonathanjenkins/GitHub/GITHUB/AgenticLLM/.venv/lib/python3.11/site-packages/llama_cpp/llama_chat_format.py", line 328, in _convert_text_completion_chunks_to_chat
    |     for i, chunk in enumerate(chunks):
    |   File "/Users/jonathanjenkins/GitHub/GITHUB/AgenticLLM/.venv/lib/python3.11/site-packages/llama_cpp/llama.py", line 1349, in _create_completion
    |     for token in self.generate(
    |   File "/Users/jonathanjenkins/GitHub/GITHUB/AgenticLLM/.venv/lib/python3.11/site-packages/llama_cpp/llama.py", line 933, in generate
    |     self.eval(tokens)
    |   File "/Users/jonathanjenkins/GitHub/GITHUB/AgenticLLM/.venv/lib/python3.11/site-packages/llama_cpp/llama.py", line 661, in eval
    |     self._ctx.decode(self._batch)
    |   File "/Users/jonathanjenkins/GitHub/GITHUB/AgenticLLM/.venv/lib/python3.11/site-packages/llama_cpp/_internals.py", line 330, in decode
    |     raise RuntimeError(f"llama_decode returned {return_code}")
    | RuntimeError: llama_decode returned -3
    +------------------------------------

During handling of the above exception, another exception occurred:

Traceback (most recent call last):
  File "/Users/jonathanjenkins/GitHub/GITHUB/AgenticLLM/.venv/lib/python3.11/site-packages/uvicorn/protocols/http/h11_impl.py", line 415, in run_asgi
    result = await app(  # type: ignore[func-returns-value]
             ^^^^^^^^^^^^^^^^^^^^^^^^^^^^^^^^^^^^^^^^^^^^^^
  File "/Users/jonathanjenkins/GitHub/GITHUB/AgenticLLM/.venv/lib/python3.11/site-packages/uvicorn/middleware/proxy_headers.py", line 56, in __call__
    return await self.app(scope, receive, send)
           ^^^^^^^^^^^^^^^^^^^^^^^^^^^^^^^^^^^^
  File "/Users/jonathanjenkins/GitHub/GITHUB/AgenticLLM/.venv/lib/python3.11/site-packages/fastapi/applications.py", line 1159, in __call__
    await super().__call__(scope, receive, send)
  File "/Users/jonathanjenkins/GitHub/GITHUB/AgenticLLM/.venv/lib/python3.11/site-packages/starlette/applications.py", line 90, in __call__
    await self.middleware_stack(scope, receive, send)
  File "/Users/jonathanjenkins/GitHub/GITHUB/AgenticLLM/.venv/lib/python3.11/site-packages/starlette/middleware/errors.py", line 186, in __call__
    raise exc
  File "/Users/jonathanjenkins/GitHub/GITHUB/AgenticLLM/.venv/lib/python3.11/site-packages/starlette/middleware/errors.py", line 164, in __call__
    await self.app(scope, receive, _send)
  File "/Users/jonathanjenkins/GitHub/GITHUB/AgenticLLM/.venv/lib/python3.11/site-packages/starlette/middleware/cors.py", line 88, in __call__
    await self.app(scope, receive, send)
  File "/Users/jonathanjenkins/GitHub/GITHUB/AgenticLLM/.venv/lib/python3.11/site-packages/starlette_context/middleware/raw_middleware.py", line 92, in __call__
    await self.app(scope, receive, send_wrapper)
  File "/Users/jonathanjenkins/GitHub/GITHUB/AgenticLLM/.venv/lib/python3.11/site-packages/starlette/middleware/exceptions.py", line 63, in __call__
    await wrap_app_handling_exceptions(self.app, conn)(scope, receive, send)
  File "/Users/jonathanjenkins/GitHub/GITHUB/AgenticLLM/.venv/lib/python3.11/site-packages/starlette/_exception_handler.py", line 53, in wrapped_app
    raise exc
  File "/Users/jonathanjenkins/GitHub/GITHUB/AgenticLLM/.venv/lib/python3.11/site-packages/starlette/_exception_handler.py", line 42, in wrapped_app
    await app(scope, receive, sender)
  File "/Users/jonathanjenkins/GitHub/GITHUB/AgenticLLM/.venv/lib/python3.11/site-packages/fastapi/middleware/asyncexitstack.py", line 18, in __call__
    await self.app(scope, receive, send)
  File "/Users/jonathanjenkins/GitHub/GITHUB/AgenticLLM/.venv/lib/python3.11/site-packages/starlette/routing.py", line 660, in __call__
    await self.middleware_stack(scope, receive, send)
  File "/Users/jonathanjenkins/GitHub/GITHUB/AgenticLLM/.venv/lib/python3.11/site-packages/starlette/routing.py", line 680, in app
    await route.handle(scope, receive, send)
  File "/Users/jonathanjenkins/GitHub/GITHUB/AgenticLLM/.venv/lib/python3.11/site-packages/starlette/routing.py", line 276, in handle
    await self.app(scope, receive, send)
  File "/Users/jonathanjenkins/GitHub/GITHUB/AgenticLLM/.venv/lib/python3.11/site-packages/fastapi/routing.py", line 134, in app
    await wrap_app_handling_exceptions(app, request)(scope, receive, send)
  File "/Users/jonathanjenkins/GitHub/GITHUB/AgenticLLM/.venv/lib/python3.11/site-packages/starlette/_exception_handler.py", line 53, in wrapped_app
    raise exc
  File "/Users/jonathanjenkins/GitHub/GITHUB/AgenticLLM/.venv/lib/python3.11/site-packages/starlette/_exception_handler.py", line 42, in wrapped_app
    await app(scope, receive, sender)
  File "/Users/jonathanjenkins/GitHub/GITHUB/AgenticLLM/.venv/lib/python3.11/site-packages/fastapi/routing.py", line 121, in app
    await response(scope, receive, send)
  File "/Users/jonathanjenkins/GitHub/GITHUB/AgenticLLM/.venv/lib/python3.11/site-packages/sse_starlette/sse.py", line 478, in __call__
    with collapse_excgroups():
  File "/Library/Frameworks/Python.framework/Versions/3.11/lib/python3.11/contextlib.py", line 158, in __exit__
    self.gen.throw(typ, value, traceback)
  File "/Users/jonathanjenkins/GitHub/GITHUB/AgenticLLM/.venv/lib/python3.11/site-packages/sse_starlette/_utils.py", line 34, in collapse_excgroups
    raise exc
  File "/Users/jonathanjenkins/GitHub/GITHUB/AgenticLLM/.venv/lib/python3.11/site-packages/llama_cpp/server/app.py", line 208, in get_event_publisher
    async for chunk in iterate_in_threadpool(iterator):
  File "/Users/jonathanjenkins/GitHub/GITHUB/AgenticLLM/.venv/lib/python3.11/site-packages/starlette/concurrency.py", line 55, in iterate_in_threadpool
    yield await anyio.to_thread.run_sync(_next, as_iterator)
          ^^^^^^^^^^^^^^^^^^^^^^^^^^^^^^^^^^^^^^^^^^^^^^^^^^
  File "/Users/jonathanjenkins/GitHub/GITHUB/AgenticLLM/.venv/lib/python3.11/site-packages/anyio/to_thread.py", line 63, in run_sync
    return await get_async_backend().run_sync_in_worker_thread(
           ^^^^^^^^^^^^^^^^^^^^^^^^^^^^^^^^^^^^^^^^^^^^^^^^^^^^
  File "/Users/jonathanjenkins/GitHub/GITHUB/AgenticLLM/.venv/lib/python3.11/site-packages/anyio/_backends/_asyncio.py", line 2518, in run_sync_in_worker_thread
    return await future
           ^^^^^^^^^^^^
  File "/Users/jonathanjenkins/GitHub/GITHUB/AgenticLLM/.venv/lib/python3.11/site-packages/anyio/_backends/_asyncio.py", line 1002, in run
    result = context.run(func, *args)
             ^^^^^^^^^^^^^^^^^^^^^^^^
  File "/Users/jonathanjenkins/GitHub/GITHUB/AgenticLLM/.venv/lib/python3.11/site-packages/starlette/concurrency.py", line 44, in _next
    return next(iterator)
           ^^^^^^^^^^^^^^
  File "/Users/jonathanjenkins/GitHub/GITHUB/AgenticLLM/.venv/lib/python3.11/site-packages/llama_cpp/llama_chat_format.py", line 328, in _convert_text_completion_chunks_to_chat
    for i, chunk in enumerate(chunks):
  File "/Users/jonathanjenkins/GitHub/GITHUB/AgenticLLM/.venv/lib/python3.11/site-packages/llama_cpp/llama.py", line 1349, in _create_completion
    for token in self.generate(
  File "/Users/jonathanjenkins/GitHub/GITHUB/AgenticLLM/.venv/lib/python3.11/site-packages/llama_cpp/llama.py", line 933, in generate
    self.eval(tokens)
  File "/Users/jonathanjenkins/GitHub/GITHUB/AgenticLLM/.venv/lib/python3.11/site-packages/llama_cpp/llama.py", line 661, in eval
    self._ctx.decode(self._batch)
  File "/Users/jonathanjenkins/GitHub/GITHUB/AgenticLLM/.venv/lib/python3.11/site-packages/llama_cpp/_internals.py", line 330, in decode
    raise RuntimeError(f"llama_decode returned {return_code}")
RuntimeError: llama_decode returned -3
INFO:     127.0.0.1:51640 - "GET /api/v1/models HTTP/1.1" 404 Not Found
INFO:     127.0.0.1:51640 - "GET /api/tags HTTP/1.1" 404 Not Found
INFO:     127.0.0.1:51640 - "GET /v1/props HTTP/1.1" 404 Not Found
INFO:     127.0.0.1:51640 - "GET /props HTTP/1.1" 404 Not Found
INFO:     127.0.0.1:51640 - "GET /version HTTP/1.1" 404 Not Found
INFO:     127.0.0.1:51641 - "GET /v1/models HTTP/1.1" 200 OK
INFO:     127.0.0.1:51642 - "POST /api/show HTTP/1.1" 404 Not Found
INFO:     127.0.0.1:51643 - "GET /api/v1/models HTTP/1.1" 404 Not Found
INFO:     127.0.0.1:51643 - "GET /api/tags HTTP/1.1" 404 Not Found
INFO:     127.0.0.1:51643 - "GET /v1/props HTTP/1.1" 404 Not Found
INFO:     127.0.0.1:51643 - "GET /props HTTP/1.1" 404 Not Found
INFO:     127.0.0.1:51643 - "GET /version HTTP/1.1" 404 Not Found
INFO:     127.0.0.1:51644 - "GET /v1/models/gemma-4-26b-a4b HTTP/1.1" 404 Not Found
INFO:     127.0.0.1:51644 - "GET /v1/models HTTP/1.1" 200 OK
INFO:     127.0.0.1:51645 - "GET /api/v1/models HTTP/1.1" 404 Not Found
INFO:     127.0.0.1:51645 - "GET /api/tags HTTP/1.1" 404 Not Found
INFO:     127.0.0.1:51645 - "GET /v1/props HTTP/1.1" 404 Not Found
INFO:     127.0.0.1:51645 - "GET /props HTTP/1.1" 404 Not Found
INFO:     127.0.0.1:51645 - "GET /version HTTP/1.1" 404 Not Found
INFO:     127.0.0.1:51646 - "POST /api/show HTTP/1.1" 404 Not Found
INFO:     127.0.0.1:51647 - "GET /api/v1/models HTTP/1.1" 404 Not Found
INFO:     127.0.0.1:51647 - "GET /api/tags HTTP/1.1" 404 Not Found
INFO:     127.0.0.1:51647 - "GET /v1/props HTTP/1.1" 404 Not Found
INFO:     127.0.0.1:51647 - "GET /props HTTP/1.1" 404 Not Found
INFO:     127.0.0.1:51647 - "GET /version HTTP/1.1" 404 Not Found
INFO:     127.0.0.1:51648 - "GET /v1/models/gemma-4-26b-a4b HTTP/1.1" 404 Not Found
INFO:     127.0.0.1:51648 - "GET /v1/models HTTP/1.1" 200 OK
INFO:     127.0.0.1:51649 - "POST /v1/chat/completions HTTP/1.1" 200 OK
Llama.generate: 10 prefix-match hit, remaining 23 prompt tokens to eval
ggml_metal_synchronize: error: command buffer 1 failed with status 5
error: Insufficient Memory (00000008:kIOGPUCommandBufferCallbackErrorOutOfMemory)
ggml_metal_synchronize: error: command buffer 1 failed with status 5
error: Insufficient Memory (00000008:kIOGPUCommandBufferCallbackErrorOutOfMemory)
ggml_metal_synchronize: error: command buffer 1 failed with status 5
error: Insufficient Memory (00000008:kIOGPUCommandBufferCallbackErrorOutOfMemory)
ggml_metal_synchronize: error: command buffer 1 failed with status 5
error: Insufficient Memory (00000008:kIOGPUCommandBufferCallbackErrorOutOfMemory)
ggml_metal_synchronize: error: command buffer 1 failed with status 5
error: Insufficient Memory (00000008:kIOGPUCommandBufferCallbackErrorOutOfMemory)
ggml_metal_synchronize: error: command buffer 1 failed with status 5
error: Insufficient Memory (00000008:kIOGPUCommandBufferCallbackErrorOutOfMemory)
ggml_metal_synchronize: error: command buffer 1 failed with status 5
error: Insufficient Memory (00000008:kIOGPUCommandBufferCallbackErrorOutOfMemory)
ggml_metal_synchronize: error: command buffer 1 failed with status 5
error: Insufficient Memory (00000008:kIOGPUCommandBufferCallbackErrorOutOfMemory)
ggml_metal_synchronize: error: command buffer 1 failed with status 5
error: Insufficient Memory (00000008:kIOGPUCommandBufferCallbackErrorOutOfMemory)
ggml_metal_synchronize: error: command buffer 1 failed with status 5
error: Insufficient Memory (00000008:kIOGPUCommandBufferCallbackErrorOutOfMemory)
ggml_metal_graph_compute: backend is in error state from a previous command buffer failure - recreate the backend to recover
graph_compute: ggml_backend_sched_graph_compute_async failed with error -1
process_ubatch: failed to compute graph, compute status: -1
decode: removing memory module entries for seq_id = 0, pos = [10, +inf)
llama_decode: failed to decode, ret = -3
ERROR:    Exception in ASGI application
  + Exception Group Traceback (most recent call last):
  |   File "/Users/jonathanjenkins/GitHub/GITHUB/AgenticLLM/.venv/lib/python3.11/site-packages/sse_starlette/_utils.py", line 26, in collapse_excgroups
  |     yield
  |   File "/Users/jonathanjenkins/GitHub/GITHUB/AgenticLLM/.venv/lib/python3.11/site-packages/sse_starlette/sse.py", line 479, in __call__
  |     async with anyio.create_task_group() as task_group:
  |   File "/Users/jonathanjenkins/GitHub/GITHUB/AgenticLLM/.venv/lib/python3.11/site-packages/anyio/_backends/_asyncio.py", line 799, in __aexit__
  |     raise BaseExceptionGroup(
  | ExceptionGroup: unhandled errors in a TaskGroup (1 sub-exception)
  +-+---------------- 1 ----------------
    | Traceback (most recent call last):
    |   File "/Users/jonathanjenkins/GitHub/GITHUB/AgenticLLM/.venv/lib/python3.11/site-packages/uvicorn/protocols/http/h11_impl.py", line 415, in run_asgi
    |     result = await app(  # type: ignore[func-returns-value]
    |              ^^^^^^^^^^^^^^^^^^^^^^^^^^^^^^^^^^^^^^^^^^^^^^
    |   File "/Users/jonathanjenkins/GitHub/GITHUB/AgenticLLM/.venv/lib/python3.11/site-packages/uvicorn/middleware/proxy_headers.py", line 56, in __call__
    |     return await self.app(scope, receive, send)
    |            ^^^^^^^^^^^^^^^^^^^^^^^^^^^^^^^^^^^^
    |   File "/Users/jonathanjenkins/GitHub/GITHUB/AgenticLLM/.venv/lib/python3.11/site-packages/fastapi/applications.py", line 1159, in __call__
    |     await super().__call__(scope, receive, send)
    |   File "/Users/jonathanjenkins/GitHub/GITHUB/AgenticLLM/.venv/lib/python3.11/site-packages/starlette/applications.py", line 90, in __call__
    |     await self.middleware_stack(scope, receive, send)
    |   File "/Users/jonathanjenkins/GitHub/GITHUB/AgenticLLM/.venv/lib/python3.11/site-packages/starlette/middleware/errors.py", line 186, in __call__
    |     raise exc
    |   File "/Users/jonathanjenkins/GitHub/GITHUB/AgenticLLM/.venv/lib/python3.11/site-packages/starlette/middleware/errors.py", line 164, in __call__
    |     await self.app(scope, receive, _send)
    |   File "/Users/jonathanjenkins/GitHub/GITHUB/AgenticLLM/.venv/lib/python3.11/site-packages/starlette/middleware/cors.py", line 88, in __call__
    |     await self.app(scope, receive, send)
    |   File "/Users/jonathanjenkins/GitHub/GITHUB/AgenticLLM/.venv/lib/python3.11/site-packages/starlette_context/middleware/raw_middleware.py", line 92, in __call__
    |     await self.app(scope, receive, send_wrapper)
    |   File "/Users/jonathanjenkins/GitHub/GITHUB/AgenticLLM/.venv/lib/python3.11/site-packages/starlette/middleware/exceptions.py", line 63, in __call__
    |     await wrap_app_handling_exceptions(self.app, conn)(scope, receive, send)
    |   File "/Users/jonathanjenkins/GitHub/GITHUB/AgenticLLM/.venv/lib/python3.11/site-packages/starlette/_exception_handler.py", line 53, in wrapped_app
    |     raise exc
    |   File "/Users/jonathanjenkins/GitHub/GITHUB/AgenticLLM/.venv/lib/python3.11/site-packages/starlette/_exception_handler.py", line 42, in wrapped_app
    |     await app(scope, receive, sender)
    |   File "/Users/jonathanjenkins/GitHub/GITHUB/AgenticLLM/.venv/lib/python3.11/site-packages/fastapi/middleware/asyncexitstack.py", line 18, in __call__
    |     await self.app(scope, receive, send)
    |   File "/Users/jonathanjenkins/GitHub/GITHUB/AgenticLLM/.venv/lib/python3.11/site-packages/starlette/routing.py", line 660, in __call__
    |     await self.middleware_stack(scope, receive, send)
    |   File "/Users/jonathanjenkins/GitHub/GITHUB/AgenticLLM/.venv/lib/python3.11/site-packages/starlette/routing.py", line 680, in app
    |     await route.handle(scope, receive, send)
    |   File "/Users/jonathanjenkins/GitHub/GITHUB/AgenticLLM/.venv/lib/python3.11/site-packages/starlette/routing.py", line 276, in handle
    |     await self.app(scope, receive, send)
    |   File "/Users/jonathanjenkins/GitHub/GITHUB/AgenticLLM/.venv/lib/python3.11/site-packages/fastapi/routing.py", line 134, in app
    |     await wrap_app_handling_exceptions(app, request)(scope, receive, send)
    |   File "/Users/jonathanjenkins/GitHub/GITHUB/AgenticLLM/.venv/lib/python3.11/site-packages/starlette/_exception_handler.py", line 53, in wrapped_app
    |     raise exc
    |   File "/Users/jonathanjenkins/GitHub/GITHUB/AgenticLLM/.venv/lib/python3.11/site-packages/starlette/_exception_handler.py", line 42, in wrapped_app
    |     await app(scope, receive, sender)
    |   File "/Users/jonathanjenkins/GitHub/GITHUB/AgenticLLM/.venv/lib/python3.11/site-packages/fastapi/routing.py", line 121, in app
    |     await response(scope, receive, send)
    |   File "/Users/jonathanjenkins/GitHub/GITHUB/AgenticLLM/.venv/lib/python3.11/site-packages/sse_starlette/sse.py", line 478, in __call__
    |     with collapse_excgroups():
    |   File "/Library/Frameworks/Python.framework/Versions/3.11/lib/python3.11/contextlib.py", line 158, in __exit__
    |     self.gen.throw(typ, value, traceback)
    |   File "/Users/jonathanjenkins/GitHub/GITHUB/AgenticLLM/.venv/lib/python3.11/site-packages/sse_starlette/_utils.py", line 34, in collapse_excgroups
    |     raise exc
    |   File "/Users/jonathanjenkins/GitHub/GITHUB/AgenticLLM/.venv/lib/python3.11/site-packages/llama_cpp/server/app.py", line 208, in get_event_publisher
    |     async for chunk in iterate_in_threadpool(iterator):
    |   File "/Users/jonathanjenkins/GitHub/GITHUB/AgenticLLM/.venv/lib/python3.11/site-packages/starlette/concurrency.py", line 55, in iterate_in_threadpool
    |     yield await anyio.to_thread.run_sync(_next, as_iterator)
    |           ^^^^^^^^^^^^^^^^^^^^^^^^^^^^^^^^^^^^^^^^^^^^^^^^^^
    |   File "/Users/jonathanjenkins/GitHub/GITHUB/AgenticLLM/.venv/lib/python3.11/site-packages/anyio/to_thread.py", line 63, in run_sync
    |     return await get_async_backend().run_sync_in_worker_thread(
    |            ^^^^^^^^^^^^^^^^^^^^^^^^^^^^^^^^^^^^^^^^^^^^^^^^^^^^
    |   File "/Users/jonathanjenkins/GitHub/GITHUB/AgenticLLM/.venv/lib/python3.11/site-packages/anyio/_backends/_asyncio.py", line 2518, in run_sync_in_worker_thread
    |     return await future
    |            ^^^^^^^^^^^^
    |   File "/Users/jonathanjenkins/GitHub/GITHUB/AgenticLLM/.venv/lib/python3.11/site-packages/anyio/_backends/_asyncio.py", line 1002, in run
    |     result = context.run(func, *args)
    |              ^^^^^^^^^^^^^^^^^^^^^^^^
    |   File "/Users/jonathanjenkins/GitHub/GITHUB/AgenticLLM/.venv/lib/python3.11/site-packages/starlette/concurrency.py", line 44, in _next
    |     return next(iterator)
    |            ^^^^^^^^^^^^^^
    |   File "/Users/jonathanjenkins/GitHub/GITHUB/AgenticLLM/.venv/lib/python3.11/site-packages/llama_cpp/llama_chat_format.py", line 328, in _convert_text_completion_chunks_to_chat
    |     for i, chunk in enumerate(chunks):
    |   File "/Users/jonathanjenkins/GitHub/GITHUB/AgenticLLM/.venv/lib/python3.11/site-packages/llama_cpp/llama.py", line 1349, in _create_completion
    |     for token in self.generate(
    |   File "/Users/jonathanjenkins/GitHub/GITHUB/AgenticLLM/.venv/lib/python3.11/site-packages/llama_cpp/llama.py", line 933, in generate
    |     self.eval(tokens)
    |   File "/Users/jonathanjenkins/GitHub/GITHUB/AgenticLLM/.venv/lib/python3.11/site-packages/llama_cpp/llama.py", line 661, in eval
    |     self._ctx.decode(self._batch)
    |   File "/Users/jonathanjenkins/GitHub/GITHUB/AgenticLLM/.venv/lib/python3.11/site-packages/llama_cpp/_internals.py", line 330, in decode
    |     raise RuntimeError(f"llama_decode returned {return_code}")
    | RuntimeError: llama_decode returned -3
    +------------------------------------

During handling of the above exception, another exception occurred:

Traceback (most recent call last):
  File "/Users/jonathanjenkins/GitHub/GITHUB/AgenticLLM/.venv/lib/python3.11/site-packages/uvicorn/protocols/http/h11_impl.py", line 415, in run_asgi
    result = await app(  # type: ignore[func-returns-value]
             ^^^^^^^^^^^^^^^^^^^^^^^^^^^^^^^^^^^^^^^^^^^^^^
  File "/Users/jonathanjenkins/GitHub/GITHUB/AgenticLLM/.venv/lib/python3.11/site-packages/uvicorn/middleware/proxy_headers.py", line 56, in __call__
    return await self.app(scope, receive, send)
           ^^^^^^^^^^^^^^^^^^^^^^^^^^^^^^^^^^^^
  File "/Users/jonathanjenkins/GitHub/GITHUB/AgenticLLM/.venv/lib/python3.11/site-packages/fastapi/applications.py", line 1159, in __call__
    await super().__call__(scope, receive, send)
  File "/Users/jonathanjenkins/GitHub/GITHUB/AgenticLLM/.venv/lib/python3.11/site-packages/starlette/applications.py", line 90, in __call__
    await self.middleware_stack(scope, receive, send)
  File "/Users/jonathanjenkins/GitHub/GITHUB/AgenticLLM/.venv/lib/python3.11/site-packages/starlette/middleware/errors.py", line 186, in __call__
    raise exc
  File "/Users/jonathanjenkins/GitHub/GITHUB/AgenticLLM/.venv/lib/python3.11/site-packages/starlette/middleware/errors.py", line 164, in __call__
    await self.app(scope, receive, _send)
  File "/Users/jonathanjenkins/GitHub/GITHUB/AgenticLLM/.venv/lib/python3.11/site-packages/starlette/middleware/cors.py", line 88, in __call__
    await self.app(scope, receive, send)
  File "/Users/jonathanjenkins/GitHub/GITHUB/AgenticLLM/.venv/lib/python3.11/site-packages/starlette_context/middleware/raw_middleware.py", line 92, in __call__
    await self.app(scope, receive, send_wrapper)
  File "/Users/jonathanjenkins/GitHub/GITHUB/AgenticLLM/.venv/lib/python3.11/site-packages/starlette/middleware/exceptions.py", line 63, in __call__
    await wrap_app_handling_exceptions(self.app, conn)(scope, receive, send)
  File "/Users/jonathanjenkins/GitHub/GITHUB/AgenticLLM/.venv/lib/python3.11/site-packages/starlette/_exception_handler.py", line 53, in wrapped_app
    raise exc
  File "/Users/jonathanjenkins/GitHub/GITHUB/AgenticLLM/.venv/lib/python3.11/site-packages/starlette/_exception_handler.py", line 42, in wrapped_app
    await app(scope, receive, sender)
  File "/Users/jonathanjenkins/GitHub/GITHUB/AgenticLLM/.venv/lib/python3.11/site-packages/fastapi/middleware/asyncexitstack.py", line 18, in __call__
    await self.app(scope, receive, send)
  File "/Users/jonathanjenkins/GitHub/GITHUB/AgenticLLM/.venv/lib/python3.11/site-packages/starlette/routing.py", line 660, in __call__
    await self.middleware_stack(scope, receive, send)
  File "/Users/jonathanjenkins/GitHub/GITHUB/AgenticLLM/.venv/lib/python3.11/site-packages/starlette/routing.py", line 680, in app
    await route.handle(scope, receive, send)
  File "/Users/jonathanjenkins/GitHub/GITHUB/AgenticLLM/.venv/lib/python3.11/site-packages/starlette/routing.py", line 276, in handle
    await self.app(scope, receive, send)
  File "/Users/jonathanjenkins/GitHub/GITHUB/AgenticLLM/.venv/lib/python3.11/site-packages/fastapi/routing.py", line 134, in app
    await wrap_app_handling_exceptions(app, request)(scope, receive, send)
  File "/Users/jonathanjenkins/GitHub/GITHUB/AgenticLLM/.venv/lib/python3.11/site-packages/starlette/_exception_handler.py", line 53, in wrapped_app
    raise exc
  File "/Users/jonathanjenkins/GitHub/GITHUB/AgenticLLM/.venv/lib/python3.11/site-packages/starlette/_exception_handler.py", line 42, in wrapped_app
    await app(scope, receive, sender)
  File "/Users/jonathanjenkins/GitHub/GITHUB/AgenticLLM/.venv/lib/python3.11/site-packages/fastapi/routing.py", line 121, in app
    await response(scope, receive, send)
  File "/Users/jonathanjenkins/GitHub/GITHUB/AgenticLLM/.venv/lib/python3.11/site-packages/sse_starlette/sse.py", line 478, in __call__
    with collapse_excgroups():
  File "/Library/Frameworks/Python.framework/Versions/3.11/lib/python3.11/contextlib.py", line 158, in __exit__
    self.gen.throw(typ, value, traceback)
  File "/Users/jonathanjenkins/GitHub/GITHUB/AgenticLLM/.venv/lib/python3.11/site-packages/sse_starlette/_utils.py", line 34, in collapse_excgroups
    raise exc
  File "/Users/jonathanjenkins/GitHub/GITHUB/AgenticLLM/.venv/lib/python3.11/site-packages/llama_cpp/server/app.py", line 208, in get_event_publisher
    async for chunk in iterate_in_threadpool(iterator):
  File "/Users/jonathanjenkins/GitHub/GITHUB/AgenticLLM/.venv/lib/python3.11/site-packages/starlette/concurrency.py", line 55, in iterate_in_threadpool
    yield await anyio.to_thread.run_sync(_next, as_iterator)
          ^^^^^^^^^^^^^^^^^^^^^^^^^^^^^^^^^^^^^^^^^^^^^^^^^^
  File "/Users/jonathanjenkins/GitHub/GITHUB/AgenticLLM/.venv/lib/python3.11/site-packages/anyio/to_thread.py", line 63, in run_sync
    return await get_async_backend().run_sync_in_worker_thread(
           ^^^^^^^^^^^^^^^^^^^^^^^^^^^^^^^^^^^^^^^^^^^^^^^^^^^^
  File "/Users/jonathanjenkins/GitHub/GITHUB/AgenticLLM/.venv/lib/python3.11/site-packages/anyio/_backends/_asyncio.py", line 2518, in run_sync_in_worker_thread
    return await future
           ^^^^^^^^^^^^
  File "/Users/jonathanjenkins/GitHub/GITHUB/AgenticLLM/.venv/lib/python3.11/site-packages/anyio/_backends/_asyncio.py", line 1002, in run
    result = context.run(func, *args)
             ^^^^^^^^^^^^^^^^^^^^^^^^
  File "/Users/jonathanjenkins/GitHub/GITHUB/AgenticLLM/.venv/lib/python3.11/site-packages/starlette/concurrency.py", line 44, in _next
    return next(iterator)
           ^^^^^^^^^^^^^^
  File "/Users/jonathanjenkins/GitHub/GITHUB/AgenticLLM/.venv/lib/python3.11/site-packages/llama_cpp/llama_chat_format.py", line 328, in _convert_text_completion_chunks_to_chat
    for i, chunk in enumerate(chunks):
  File "/Users/jonathanjenkins/GitHub/GITHUB/AgenticLLM/.venv/lib/python3.11/site-packages/llama_cpp/llama.py", line 1349, in _create_completion
    for token in self.generate(
  File "/Users/jonathanjenkins/GitHub/GITHUB/AgenticLLM/.venv/lib/python3.11/site-packages/llama_cpp/llama.py", line 933, in generate
    self.eval(tokens)
  File "/Users/jonathanjenkins/GitHub/GITHUB/AgenticLLM/.venv/lib/python3.11/site-packages/llama_cpp/llama.py", line 661, in eval
    self._ctx.decode(self._batch)
  File "/Users/jonathanjenkins/GitHub/GITHUB/AgenticLLM/.venv/lib/python3.11/site-packages/llama_cpp/_internals.py", line 330, in decode
    raise RuntimeError(f"llama_decode returned {return_code}")
RuntimeError: llama_decode returned -3
INFO:     127.0.0.1:51650 - "POST /v1/chat/completions HTTP/1.1" 200 OK
Llama.generate: 10 prefix-match hit, remaining 23 prompt tokens to eval
ggml_metal_synchronize: error: command buffer 1 failed with status 5
error: Insufficient Memory (00000008:kIOGPUCommandBufferCallbackErrorOutOfMemory)
ggml_metal_synchronize: error: command buffer 1 failed with status 5
error: Insufficient Memory (00000008:kIOGPUCommandBufferCallbackErrorOutOfMemory)
ggml_metal_synchronize: error: command buffer 1 failed with status 5
error: Insufficient Memory (00000008:kIOGPUCommandBufferCallbackErrorOutOfMemory)
ggml_metal_synchronize: error: command buffer 1 failed with status 5
error: Insufficient Memory (00000008:kIOGPUCommandBufferCallbackErrorOutOfMemory)
ggml_metal_synchronize: error: command buffer 1 failed with status 5
error: Insufficient Memory (00000008:kIOGPUCommandBufferCallbackErrorOutOfMemory)
ggml_metal_synchronize: error: command buffer 1 failed with status 5
error: Insufficient Memory (00000008:kIOGPUCommandBufferCallbackErrorOutOfMemory)
ggml_metal_synchronize: error: command buffer 1 failed with status 5
error: Insufficient Memory (00000008:kIOGPUCommandBufferCallbackErrorOutOfMemory)
ggml_metal_synchronize: error: command buffer 1 failed with status 5
error: Insufficient Memory (00000008:kIOGPUCommandBufferCallbackErrorOutOfMemory)
ggml_metal_synchronize: error: command buffer 1 failed with status 5
error: Insufficient Memory (00000008:kIOGPUCommandBufferCallbackErrorOutOfMemory)
ggml_metal_synchronize: error: command buffer 1 failed with status 5
error: Insufficient Memory (00000008:kIOGPUCommandBufferCallbackErrorOutOfMemory)
ggml_metal_graph_compute: backend is in error state from a previous command buffer failure - recreate the backend to recover
graph_compute: ggml_backend_sched_graph_compute_async failed with error -1
process_ubatch: failed to compute graph, compute status: -1
decode: removing memory module entries for seq_id = 0, pos = [10, +inf)
llama_decode: failed to decode, ret = -3
ERROR:    Exception in ASGI application
  + Exception Group Traceback (most recent call last):
  |   File "/Users/jonathanjenkins/GitHub/GITHUB/AgenticLLM/.venv/lib/python3.11/site-packages/sse_starlette/_utils.py", line 26, in collapse_excgroups
  |     yield
  |   File "/Users/jonathanjenkins/GitHub/GITHUB/AgenticLLM/.venv/lib/python3.11/site-packages/sse_starlette/sse.py", line 479, in __call__
  |     async with anyio.create_task_group() as task_group:
  |   File "/Users/jonathanjenkins/GitHub/GITHUB/AgenticLLM/.venv/lib/python3.11/site-packages/anyio/_backends/_asyncio.py", line 799, in __aexit__
  |     raise BaseExceptionGroup(
  | ExceptionGroup: unhandled errors in a TaskGroup (1 sub-exception)
  +-+---------------- 1 ----------------
    | Traceback (most recent call last):
    |   File "/Users/jonathanjenkins/GitHub/GITHUB/AgenticLLM/.venv/lib/python3.11/site-packages/uvicorn/protocols/http/h11_impl.py", line 415, in run_asgi
    |     result = await app(  # type: ignore[func-returns-value]
    |              ^^^^^^^^^^^^^^^^^^^^^^^^^^^^^^^^^^^^^^^^^^^^^^
    |   File "/Users/jonathanjenkins/GitHub/GITHUB/AgenticLLM/.venv/lib/python3.11/site-packages/uvicorn/middleware/proxy_headers.py", line 56, in __call__
    |     return await self.app(scope, receive, send)
    |            ^^^^^^^^^^^^^^^^^^^^^^^^^^^^^^^^^^^^
    |   File "/Users/jonathanjenkins/GitHub/GITHUB/AgenticLLM/.venv/lib/python3.11/site-packages/fastapi/applications.py", line 1159, in __call__
    |     await super().__call__(scope, receive, send)
    |   File "/Users/jonathanjenkins/GitHub/GITHUB/AgenticLLM/.venv/lib/python3.11/site-packages/starlette/applications.py", line 90, in __call__
    |     await self.middleware_stack(scope, receive, send)
    |   File "/Users/jonathanjenkins/GitHub/GITHUB/AgenticLLM/.venv/lib/python3.11/site-packages/starlette/middleware/errors.py", line 186, in __call__
    |     raise exc
    |   File "/Users/jonathanjenkins/GitHub/GITHUB/AgenticLLM/.venv/lib/python3.11/site-packages/starlette/middleware/errors.py", line 164, in __call__
    |     await self.app(scope, receive, _send)
    |   File "/Users/jonathanjenkins/GitHub/GITHUB/AgenticLLM/.venv/lib/python3.11/site-packages/starlette/middleware/cors.py", line 88, in __call__
    |     await self.app(scope, receive, send)
    |   File "/Users/jonathanjenkins/GitHub/GITHUB/AgenticLLM/.venv/lib/python3.11/site-packages/starlette_context/middleware/raw_middleware.py", line 92, in __call__
    |     await self.app(scope, receive, send_wrapper)
    |   File "/Users/jonathanjenkins/GitHub/GITHUB/AgenticLLM/.venv/lib/python3.11/site-packages/starlette/middleware/exceptions.py", line 63, in __call__
    |     await wrap_app_handling_exceptions(self.app, conn)(scope, receive, send)
    |   File "/Users/jonathanjenkins/GitHub/GITHUB/AgenticLLM/.venv/lib/python3.11/site-packages/starlette/_exception_handler.py", line 53, in wrapped_app
    |     raise exc
    |   File "/Users/jonathanjenkins/GitHub/GITHUB/AgenticLLM/.venv/lib/python3.11/site-packages/starlette/_exception_handler.py", line 42, in wrapped_app
    |     await app(scope, receive, sender)
    |   File "/Users/jonathanjenkins/GitHub/GITHUB/AgenticLLM/.venv/lib/python3.11/site-packages/fastapi/middleware/asyncexitstack.py", line 18, in __call__
    |     await self.app(scope, receive, send)
    |   File "/Users/jonathanjenkins/GitHub/GITHUB/AgenticLLM/.venv/lib/python3.11/site-packages/starlette/routing.py", line 660, in __call__
    |     await self.middleware_stack(scope, receive, send)
    |   File "/Users/jonathanjenkins/GitHub/GITHUB/AgenticLLM/.venv/lib/python3.11/site-packages/starlette/routing.py", line 680, in app
    |     await route.handle(scope, receive, send)
    |   File "/Users/jonathanjenkins/GitHub/GITHUB/AgenticLLM/.venv/lib/python3.11/site-packages/starlette/routing.py", line 276, in handle
    |     await self.app(scope, receive, send)
    |   File "/Users/jonathanjenkins/GitHub/GITHUB/AgenticLLM/.venv/lib/python3.11/site-packages/fastapi/routing.py", line 134, in app
    |     await wrap_app_handling_exceptions(app, request)(scope, receive, send)
    |   File "/Users/jonathanjenkins/GitHub/GITHUB/AgenticLLM/.venv/lib/python3.11/site-packages/starlette/_exception_handler.py", line 53, in wrapped_app
    |     raise exc
    |   File "/Users/jonathanjenkins/GitHub/GITHUB/AgenticLLM/.venv/lib/python3.11/site-packages/starlette/_exception_handler.py", line 42, in wrapped_app
    |     await app(scope, receive, sender)
    |   File "/Users/jonathanjenkins/GitHub/GITHUB/AgenticLLM/.venv/lib/python3.11/site-packages/fastapi/routing.py", line 121, in app
    |     await response(scope, receive, send)
    |   File "/Users/jonathanjenkins/GitHub/GITHUB/AgenticLLM/.venv/lib/python3.11/site-packages/sse_starlette/sse.py", line 478, in __call__
    |     with collapse_excgroups():
    |   File "/Library/Frameworks/Python.framework/Versions/3.11/lib/python3.11/contextlib.py", line 158, in __exit__
    |     self.gen.throw(typ, value, traceback)
    |   File "/Users/jonathanjenkins/GitHub/GITHUB/AgenticLLM/.venv/lib/python3.11/site-packages/sse_starlette/_utils.py", line 34, in collapse_excgroups
    |     raise exc
    |   File "/Users/jonathanjenkins/GitHub/GITHUB/AgenticLLM/.venv/lib/python3.11/site-packages/llama_cpp/server/app.py", line 208, in get_event_publisher
    |     async for chunk in iterate_in_threadpool(iterator):
    |   File "/Users/jonathanjenkins/GitHub/GITHUB/AgenticLLM/.venv/lib/python3.11/site-packages/starlette/concurrency.py", line 55, in iterate_in_threadpool
    |     yield await anyio.to_thread.run_sync(_next, as_iterator)
    |           ^^^^^^^^^^^^^^^^^^^^^^^^^^^^^^^^^^^^^^^^^^^^^^^^^^
    |   File "/Users/jonathanjenkins/GitHub/GITHUB/AgenticLLM/.venv/lib/python3.11/site-packages/anyio/to_thread.py", line 63, in run_sync
    |     return await get_async_backend().run_sync_in_worker_thread(
    |            ^^^^^^^^^^^^^^^^^^^^^^^^^^^^^^^^^^^^^^^^^^^^^^^^^^^^
    |   File "/Users/jonathanjenkins/GitHub/GITHUB/AgenticLLM/.venv/lib/python3.11/site-packages/anyio/_backends/_asyncio.py", line 2518, in run_sync_in_worker_thread
    |     return await future
    |            ^^^^^^^^^^^^
    |   File "/Users/jonathanjenkins/GitHub/GITHUB/AgenticLLM/.venv/lib/python3.11/site-packages/anyio/_backends/_asyncio.py", line 1002, in run
    |     result = context.run(func, *args)
    |              ^^^^^^^^^^^^^^^^^^^^^^^^
    |   File "/Users/jonathanjenkins/GitHub/GITHUB/AgenticLLM/.venv/lib/python3.11/site-packages/starlette/concurrency.py", line 44, in _next
    |     return next(iterator)
    |            ^^^^^^^^^^^^^^
    |   File "/Users/jonathanjenkins/GitHub/GITHUB/AgenticLLM/.venv/lib/python3.11/site-packages/llama_cpp/llama_chat_format.py", line 328, in _convert_text_completion_chunks_to_chat
    |     for i, chunk in enumerate(chunks):
    |   File "/Users/jonathanjenkins/GitHub/GITHUB/AgenticLLM/.venv/lib/python3.11/site-packages/llama_cpp/llama.py", line 1349, in _create_completion
    |     for token in self.generate(
    |   File "/Users/jonathanjenkins/GitHub/GITHUB/AgenticLLM/.venv/lib/python3.11/site-packages/llama_cpp/llama.py", line 933, in generate
    |     self.eval(tokens)
    |   File "/Users/jonathanjenkins/GitHub/GITHUB/AgenticLLM/.venv/lib/python3.11/site-packages/llama_cpp/llama.py", line 661, in eval
    |     self._ctx.decode(self._batch)
    |   File "/Users/jonathanjenkins/GitHub/GITHUB/AgenticLLM/.venv/lib/python3.11/site-packages/llama_cpp/_internals.py", line 330, in decode
    |     raise RuntimeError(f"llama_decode returned {return_code}")
    | RuntimeError: llama_decode returned -3
    +------------------------------------

During handling of the above exception, another exception occurred:

Traceback (most recent call last):
  File "/Users/jonathanjenkins/GitHub/GITHUB/AgenticLLM/.venv/lib/python3.11/site-packages/uvicorn/protocols/http/h11_impl.py", line 415, in run_asgi
    result = await app(  # type: ignore[func-returns-value]
             ^^^^^^^^^^^^^^^^^^^^^^^^^^^^^^^^^^^^^^^^^^^^^^
  File "/Users/jonathanjenkins/GitHub/GITHUB/AgenticLLM/.venv/lib/python3.11/site-packages/uvicorn/middleware/proxy_headers.py", line 56, in __call__
    return await self.app(scope, receive, send)
           ^^^^^^^^^^^^^^^^^^^^^^^^^^^^^^^^^^^^
  File "/Users/jonathanjenkins/GitHub/GITHUB/AgenticLLM/.venv/lib/python3.11/site-packages/fastapi/applications.py", line 1159, in __call__
    await super().__call__(scope, receive, send)
  File "/Users/jonathanjenkins/GitHub/GITHUB/AgenticLLM/.venv/lib/python3.11/site-packages/starlette/applications.py", line 90, in __call__
    await self.middleware_stack(scope, receive, send)
  File "/Users/jonathanjenkins/GitHub/GITHUB/AgenticLLM/.venv/lib/python3.11/site-packages/starlette/middleware/errors.py", line 186, in __call__
    raise exc
  File "/Users/jonathanjenkins/GitHub/GITHUB/AgenticLLM/.venv/lib/python3.11/site-packages/starlette/middleware/errors.py", line 164, in __call__
    await self.app(scope, receive, _send)
  File "/Users/jonathanjenkins/GitHub/GITHUB/AgenticLLM/.venv/lib/python3.11/site-packages/starlette/middleware/cors.py", line 88, in __call__
    await self.app(scope, receive, send)
  File "/Users/jonathanjenkins/GitHub/GITHUB/AgenticLLM/.venv/lib/python3.11/site-packages/starlette_context/middleware/raw_middleware.py", line 92, in __call__
    await self.app(scope, receive, send_wrapper)
  File "/Users/jonathanjenkins/GitHub/GITHUB/AgenticLLM/.venv/lib/python3.11/site-packages/starlette/middleware/exceptions.py", line 63, in __call__
    await wrap_app_handling_exceptions(self.app, conn)(scope, receive, send)
  File "/Users/jonathanjenkins/GitHub/GITHUB/AgenticLLM/.venv/lib/python3.11/site-packages/starlette/_exception_handler.py", line 53, in wrapped_app
    raise exc
  File "/Users/jonathanjenkins/GitHub/GITHUB/AgenticLLM/.venv/lib/python3.11/site-packages/starlette/_exception_handler.py", line 42, in wrapped_app
    await app(scope, receive, sender)
  File "/Users/jonathanjenkins/GitHub/GITHUB/AgenticLLM/.venv/lib/python3.11/site-packages/fastapi/middleware/asyncexitstack.py", line 18, in __call__
    await self.app(scope, receive, send)
  File "/Users/jonathanjenkins/GitHub/GITHUB/AgenticLLM/.venv/lib/python3.11/site-packages/starlette/routing.py", line 660, in __call__
    await self.middleware_stack(scope, receive, send)
  File "/Users/jonathanjenkins/GitHub/GITHUB/AgenticLLM/.venv/lib/python3.11/site-packages/starlette/routing.py", line 680, in app
    await route.handle(scope, receive, send)
  File "/Users/jonathanjenkins/GitHub/GITHUB/AgenticLLM/.venv/lib/python3.11/site-packages/starlette/routing.py", line 276, in handle
    await self.app(scope, receive, send)
  File "/Users/jonathanjenkins/GitHub/GITHUB/AgenticLLM/.venv/lib/python3.11/site-packages/fastapi/routing.py", line 134, in app
    await wrap_app_handling_exceptions(app, request)(scope, receive, send)
  File "/Users/jonathanjenkins/GitHub/GITHUB/AgenticLLM/.venv/lib/python3.11/site-packages/starlette/_exception_handler.py", line 53, in wrapped_app
    raise exc
  File "/Users/jonathanjenkins/GitHub/GITHUB/AgenticLLM/.venv/lib/python3.11/site-packages/starlette/_exception_handler.py", line 42, in wrapped_app
    await app(scope, receive, sender)
  File "/Users/jonathanjenkins/GitHub/GITHUB/AgenticLLM/.venv/lib/python3.11/site-packages/fastapi/routing.py", line 121, in app
    await response(scope, receive, send)
  File "/Users/jonathanjenkins/GitHub/GITHUB/AgenticLLM/.venv/lib/python3.11/site-packages/sse_starlette/sse.py", line 478, in __call__
    with collapse_excgroups():
  File "/Library/Frameworks/Python.framework/Versions/3.11/lib/python3.11/contextlib.py", line 158, in __exit__
    self.gen.throw(typ, value, traceback)
  File "/Users/jonathanjenkins/GitHub/GITHUB/AgenticLLM/.venv/lib/python3.11/site-packages/sse_starlette/_utils.py", line 34, in collapse_excgroups
    raise exc
  File "/Users/jonathanjenkins/GitHub/GITHUB/AgenticLLM/.venv/lib/python3.11/site-packages/llama_cpp/server/app.py", line 208, in get_event_publisher
    async for chunk in iterate_in_threadpool(iterator):
  File "/Users/jonathanjenkins/GitHub/GITHUB/AgenticLLM/.venv/lib/python3.11/site-packages/starlette/concurrency.py", line 55, in iterate_in_threadpool
    yield await anyio.to_thread.run_sync(_next, as_iterator)
          ^^^^^^^^^^^^^^^^^^^^^^^^^^^^^^^^^^^^^^^^^^^^^^^^^^
  File "/Users/jonathanjenkins/GitHub/GITHUB/AgenticLLM/.venv/lib/python3.11/site-packages/anyio/to_thread.py", line 63, in run_sync
    return await get_async_backend().run_sync_in_worker_thread(
           ^^^^^^^^^^^^^^^^^^^^^^^^^^^^^^^^^^^^^^^^^^^^^^^^^^^^
  File "/Users/jonathanjenkins/GitHub/GITHUB/AgenticLLM/.venv/lib/python3.11/site-packages/anyio/_backends/_asyncio.py", line 2518, in run_sync_in_worker_thread
    return await future
           ^^^^^^^^^^^^
  File "/Users/jonathanjenkins/GitHub/GITHUB/AgenticLLM/.venv/lib/python3.11/site-packages/anyio/_backends/_asyncio.py", line 1002, in run
    result = context.run(func, *args)
             ^^^^^^^^^^^^^^^^^^^^^^^^
  File "/Users/jonathanjenkins/GitHub/GITHUB/AgenticLLM/.venv/lib/python3.11/site-packages/starlette/concurrency.py", line 44, in _next
    return next(iterator)
           ^^^^^^^^^^^^^^
  File "/Users/jonathanjenkins/GitHub/GITHUB/AgenticLLM/.venv/lib/python3.11/site-packages/llama_cpp/llama_chat_format.py", line 328, in _convert_text_completion_chunks_to_chat
    for i, chunk in enumerate(chunks):
  File "/Users/jonathanjenkins/GitHub/GITHUB/AgenticLLM/.venv/lib/python3.11/site-packages/llama_cpp/llama.py", line 1349, in _create_completion
    for token in self.generate(
  File "/Users/jonathanjenkins/GitHub/GITHUB/AgenticLLM/.venv/lib/python3.11/site-packages/llama_cpp/llama.py", line 933, in generate
    self.eval(tokens)
  File "/Users/jonathanjenkins/GitHub/GITHUB/AgenticLLM/.venv/lib/python3.11/site-packages/llama_cpp/llama.py", line 661, in eval
    self._ctx.decode(self._batch)
  File "/Users/jonathanjenkins/GitHub/GITHUB/AgenticLLM/.venv/lib/python3.11/site-packages/llama_cpp/_internals.py", line 330, in decode
    raise RuntimeError(f"llama_decode returned {return_code}")
RuntimeError: llama_decode returned -3
INFO:     127.0.0.1:51651 - "POST /v1/chat/completions HTTP/1.1" 200 OK
Llama.generate: 10 prefix-match hit, remaining 23 prompt tokens to eval
ggml_metal_synchronize: error: command buffer 1 failed with status 5
error: Insufficient Memory (00000008:kIOGPUCommandBufferCallbackErrorOutOfMemory)
ggml_metal_synchronize: error: command buffer 1 failed with status 5
error: Insufficient Memory (00000008:kIOGPUCommandBufferCallbackErrorOutOfMemory)
ggml_metal_synchronize: error: command buffer 1 failed with status 5
error: Insufficient Memory (00000008:kIOGPUCommandBufferCallbackErrorOutOfMemory)
ggml_metal_synchronize: error: command buffer 1 failed with status 5
error: Insufficient Memory (00000008:kIOGPUCommandBufferCallbackErrorOutOfMemory)
ggml_metal_synchronize: error: command buffer 1 failed with status 5
error: Insufficient Memory (00000008:kIOGPUCommandBufferCallbackErrorOutOfMemory)
ggml_metal_synchronize: error: command buffer 1 failed with status 5
error: Insufficient Memory (00000008:kIOGPUCommandBufferCallbackErrorOutOfMemory)
ggml_metal_synchronize: error: command buffer 1 failed with status 5
error: Insufficient Memory (00000008:kIOGPUCommandBufferCallbackErrorOutOfMemory)
ggml_metal_synchronize: error: command buffer 1 failed with status 5
error: Insufficient Memory (00000008:kIOGPUCommandBufferCallbackErrorOutOfMemory)
ggml_metal_synchronize: error: command buffer 1 failed with status 5
error: Insufficient Memory (00000008:kIOGPUCommandBufferCallbackErrorOutOfMemory)
ggml_metal_synchronize: error: command buffer 1 failed with status 5
error: Insufficient Memory (00000008:kIOGPUCommandBufferCallbackErrorOutOfMemory)
ggml_metal_graph_compute: backend is in error state from a previous command buffer failure - recreate the backend to recover
graph_compute: ggml_backend_sched_graph_compute_async failed with error -1
process_ubatch: failed to compute graph, compute status: -1
decode: removing memory module entries for seq_id = 0, pos = [10, +inf)
llama_decode: failed to decode, ret = -3
ERROR:    Exception in ASGI application
  + Exception Group Traceback (most recent call last):
  |   File "/Users/jonathanjenkins/GitHub/GITHUB/AgenticLLM/.venv/lib/python3.11/site-packages/sse_starlette/_utils.py", line 26, in collapse_excgroups
  |     yield
  |   File "/Users/jonathanjenkins/GitHub/GITHUB/AgenticLLM/.venv/lib/python3.11/site-packages/sse_starlette/sse.py", line 479, in __call__
  |     async with anyio.create_task_group() as task_group:
  |   File "/Users/jonathanjenkins/GitHub/GITHUB/AgenticLLM/.venv/lib/python3.11/site-packages/anyio/_backends/_asyncio.py", line 799, in __aexit__
  |     raise BaseExceptionGroup(
  | ExceptionGroup: unhandled errors in a TaskGroup (1 sub-exception)
  +-+---------------- 1 ----------------
    | Traceback (most recent call last):
    |   File "/Users/jonathanjenkins/GitHub/GITHUB/AgenticLLM/.venv/lib/python3.11/site-packages/uvicorn/protocols/http/h11_impl.py", line 415, in run_asgi
    |     result = await app(  # type: ignore[func-returns-value]
    |              ^^^^^^^^^^^^^^^^^^^^^^^^^^^^^^^^^^^^^^^^^^^^^^
    |   File "/Users/jonathanjenkins/GitHub/GITHUB/AgenticLLM/.venv/lib/python3.11/site-packages/uvicorn/middleware/proxy_headers.py", line 56, in __call__
    |     return await self.app(scope, receive, send)
    |            ^^^^^^^^^^^^^^^^^^^^^^^^^^^^^^^^^^^^
    |   File "/Users/jonathanjenkins/GitHub/GITHUB/AgenticLLM/.venv/lib/python3.11/site-packages/fastapi/applications.py", line 1159, in __call__
    |     await super().__call__(scope, receive, send)
    |   File "/Users/jonathanjenkins/GitHub/GITHUB/AgenticLLM/.venv/lib/python3.11/site-packages/starlette/applications.py", line 90, in __call__
    |     await self.middleware_stack(scope, receive, send)
    |   File "/Users/jonathanjenkins/GitHub/GITHUB/AgenticLLM/.venv/lib/python3.11/site-packages/starlette/middleware/errors.py", line 186, in __call__
    |     raise exc
    |   File "/Users/jonathanjenkins/GitHub/GITHUB/AgenticLLM/.venv/lib/python3.11/site-packages/starlette/middleware/errors.py", line 164, in __call__
    |     await self.app(scope, receive, _send)
    |   File "/Users/jonathanjenkins/GitHub/GITHUB/AgenticLLM/.venv/lib/python3.11/site-packages/starlette/middleware/cors.py", line 88, in __call__
    |     await self.app(scope, receive, send)
    |   File "/Users/jonathanjenkins/GitHub/GITHUB/AgenticLLM/.venv/lib/python3.11/site-packages/starlette_context/middleware/raw_middleware.py", line 92, in __call__
    |     await self.app(scope, receive, send_wrapper)
    |   File "/Users/jonathanjenkins/GitHub/GITHUB/AgenticLLM/.venv/lib/python3.11/site-packages/starlette/middleware/exceptions.py", line 63, in __call__
    |     await wrap_app_handling_exceptions(self.app, conn)(scope, receive, send)
    |   File "/Users/jonathanjenkins/GitHub/GITHUB/AgenticLLM/.venv/lib/python3.11/site-packages/starlette/_exception_handler.py", line 53, in wrapped_app
    |     raise exc
    |   File "/Users/jonathanjenkins/GitHub/GITHUB/AgenticLLM/.venv/lib/python3.11/site-packages/starlette/_exception_handler.py", line 42, in wrapped_app
    |     await app(scope, receive, sender)
    |   File "/Users/jonathanjenkins/GitHub/GITHUB/AgenticLLM/.venv/lib/python3.11/site-packages/fastapi/middleware/asyncexitstack.py", line 18, in __call__
    |     await self.app(scope, receive, send)
    |   File "/Users/jonathanjenkins/GitHub/GITHUB/AgenticLLM/.venv/lib/python3.11/site-packages/starlette/routing.py", line 660, in __call__
    |     await self.middleware_stack(scope, receive, send)
    |   File "/Users/jonathanjenkins/GitHub/GITHUB/AgenticLLM/.venv/lib/python3.11/site-packages/starlette/routing.py", line 680, in app
    |     await route.handle(scope, receive, send)
    |   File "/Users/jonathanjenkins/GitHub/GITHUB/AgenticLLM/.venv/lib/python3.11/site-packages/starlette/routing.py", line 276, in handle
    |     await self.app(scope, receive, send)
    |   File "/Users/jonathanjenkins/GitHub/GITHUB/AgenticLLM/.venv/lib/python3.11/site-packages/fastapi/routing.py", line 134, in app
    |     await wrap_app_handling_exceptions(app, request)(scope, receive, send)
    |   File "/Users/jonathanjenkins/GitHub/GITHUB/AgenticLLM/.venv/lib/python3.11/site-packages/starlette/_exception_handler.py", line 53, in wrapped_app
    |     raise exc
    |   File "/Users/jonathanjenkins/GitHub/GITHUB/AgenticLLM/.venv/lib/python3.11/site-packages/starlette/_exception_handler.py", line 42, in wrapped_app
    |     await app(scope, receive, sender)
    |   File "/Users/jonathanjenkins/GitHub/GITHUB/AgenticLLM/.venv/lib/python3.11/site-packages/fastapi/routing.py", line 121, in app
    |     await response(scope, receive, send)
    |   File "/Users/jonathanjenkins/GitHub/GITHUB/AgenticLLM/.venv/lib/python3.11/site-packages/sse_starlette/sse.py", line 478, in __call__
    |     with collapse_excgroups():
    |   File "/Library/Frameworks/Python.framework/Versions/3.11/lib/python3.11/contextlib.py", line 158, in __exit__
    |     self.gen.throw(typ, value, traceback)
    |   File "/Users/jonathanjenkins/GitHub/GITHUB/AgenticLLM/.venv/lib/python3.11/site-packages/sse_starlette/_utils.py", line 34, in collapse_excgroups
    |     raise exc
    |   File "/Users/jonathanjenkins/GitHub/GITHUB/AgenticLLM/.venv/lib/python3.11/site-packages/llama_cpp/server/app.py", line 208, in get_event_publisher
    |     async for chunk in iterate_in_threadpool(iterator):
    |   File "/Users/jonathanjenkins/GitHub/GITHUB/AgenticLLM/.venv/lib/python3.11/site-packages/starlette/concurrency.py", line 55, in iterate_in_threadpool
    |     yield await anyio.to_thread.run_sync(_next, as_iterator)
    |           ^^^^^^^^^^^^^^^^^^^^^^^^^^^^^^^^^^^^^^^^^^^^^^^^^^
    |   File "/Users/jonathanjenkins/GitHub/GITHUB/AgenticLLM/.venv/lib/python3.11/site-packages/anyio/to_thread.py", line 63, in run_sync
    |     return await get_async_backend().run_sync_in_worker_thread(
    |            ^^^^^^^^^^^^^^^^^^^^^^^^^^^^^^^^^^^^^^^^^^^^^^^^^^^^
    |   File "/Users/jonathanjenkins/GitHub/GITHUB/AgenticLLM/.venv/lib/python3.11/site-packages/anyio/_backends/_asyncio.py", line 2518, in run_sync_in_worker_thread
    |     return await future
    |            ^^^^^^^^^^^^
    |   File "/Users/jonathanjenkins/GitHub/GITHUB/AgenticLLM/.venv/lib/python3.11/site-packages/anyio/_backends/_asyncio.py", line 1002, in run
    |     result = context.run(func, *args)
    |              ^^^^^^^^^^^^^^^^^^^^^^^^
    |   File "/Users/jonathanjenkins/GitHub/GITHUB/AgenticLLM/.venv/lib/python3.11/site-packages/starlette/concurrency.py", line 44, in _next
    |     return next(iterator)
    |            ^^^^^^^^^^^^^^
    |   File "/Users/jonathanjenkins/GitHub/GITHUB/AgenticLLM/.venv/lib/python3.11/site-packages/llama_cpp/llama_chat_format.py", line 328, in _convert_text_completion_chunks_to_chat
    |     for i, chunk in enumerate(chunks):
    |   File "/Users/jonathanjenkins/GitHub/GITHUB/AgenticLLM/.venv/lib/python3.11/site-packages/llama_cpp/llama.py", line 1349, in _create_completion
    |     for token in self.generate(
    |   File "/Users/jonathanjenkins/GitHub/GITHUB/AgenticLLM/.venv/lib/python3.11/site-packages/llama_cpp/llama.py", line 933, in generate
    |     self.eval(tokens)
    |   File "/Users/jonathanjenkins/GitHub/GITHUB/AgenticLLM/.venv/lib/python3.11/site-packages/llama_cpp/llama.py", line 661, in eval
    |     self._ctx.decode(self._batch)
    |   File "/Users/jonathanjenkins/GitHub/GITHUB/AgenticLLM/.venv/lib/python3.11/site-packages/llama_cpp/_internals.py", line 330, in decode
    |     raise RuntimeError(f"llama_decode returned {return_code}")
    | RuntimeError: llama_decode returned -3
    +------------------------------------

During handling of the above exception, another exception occurred:

Traceback (most recent call last):
  File "/Users/jonathanjenkins/GitHub/GITHUB/AgenticLLM/.venv/lib/python3.11/site-packages/uvicorn/protocols/http/h11_impl.py", line 415, in run_asgi
    result = await app(  # type: ignore[func-returns-value]
             ^^^^^^^^^^^^^^^^^^^^^^^^^^^^^^^^^^^^^^^^^^^^^^
  File "/Users/jonathanjenkins/GitHub/GITHUB/AgenticLLM/.venv/lib/python3.11/site-packages/uvicorn/middleware/proxy_headers.py", line 56, in __call__
    return await self.app(scope, receive, send)
           ^^^^^^^^^^^^^^^^^^^^^^^^^^^^^^^^^^^^
  File "/Users/jonathanjenkins/GitHub/GITHUB/AgenticLLM/.venv/lib/python3.11/site-packages/fastapi/applications.py", line 1159, in __call__
    await super().__call__(scope, receive, send)
  File "/Users/jonathanjenkins/GitHub/GITHUB/AgenticLLM/.venv/lib/python3.11/site-packages/starlette/applications.py", line 90, in __call__
    await self.middleware_stack(scope, receive, send)
  File "/Users/jonathanjenkins/GitHub/GITHUB/AgenticLLM/.venv/lib/python3.11/site-packages/starlette/middleware/errors.py", line 186, in __call__
    raise exc
  File "/Users/jonathanjenkins/GitHub/GITHUB/AgenticLLM/.venv/lib/python3.11/site-packages/starlette/middleware/errors.py", line 164, in __call__
    await self.app(scope, receive, _send)
  File "/Users/jonathanjenkins/GitHub/GITHUB/AgenticLLM/.venv/lib/python3.11/site-packages/starlette/middleware/cors.py", line 88, in __call__
    await self.app(scope, receive, send)
  File "/Users/jonathanjenkins/GitHub/GITHUB/AgenticLLM/.venv/lib/python3.11/site-packages/starlette_context/middleware/raw_middleware.py", line 92, in __call__
    await self.app(scope, receive, send_wrapper)
  File "/Users/jonathanjenkins/GitHub/GITHUB/AgenticLLM/.venv/lib/python3.11/site-packages/starlette/middleware/exceptions.py", line 63, in __call__
    await wrap_app_handling_exceptions(self.app, conn)(scope, receive, send)
  File "/Users/jonathanjenkins/GitHub/GITHUB/AgenticLLM/.venv/lib/python3.11/site-packages/starlette/_exception_handler.py", line 53, in wrapped_app
    raise exc
  File "/Users/jonathanjenkins/GitHub/GITHUB/AgenticLLM/.venv/lib/python3.11/site-packages/starlette/_exception_handler.py", line 42, in wrapped_app
    await app(scope, receive, sender)
  File "/Users/jonathanjenkins/GitHub/GITHUB/AgenticLLM/.venv/lib/python3.11/site-packages/fastapi/middleware/asyncexitstack.py", line 18, in __call__
    await self.app(scope, receive, send)
  File "/Users/jonathanjenkins/GitHub/GITHUB/AgenticLLM/.venv/lib/python3.11/site-packages/starlette/routing.py", line 660, in __call__
    await self.middleware_stack(scope, receive, send)
  File "/Users/jonathanjenkins/GitHub/GITHUB/AgenticLLM/.venv/lib/python3.11/site-packages/starlette/routing.py", line 680, in app
    await route.handle(scope, receive, send)
  File "/Users/jonathanjenkins/GitHub/GITHUB/AgenticLLM/.venv/lib/python3.11/site-packages/starlette/routing.py", line 276, in handle
    await self.app(scope, receive, send)
  File "/Users/jonathanjenkins/GitHub/GITHUB/AgenticLLM/.venv/lib/python3.11/site-packages/fastapi/routing.py", line 134, in app
    await wrap_app_handling_exceptions(app, request)(scope, receive, send)
  File "/Users/jonathanjenkins/GitHub/GITHUB/AgenticLLM/.venv/lib/python3.11/site-packages/starlette/_exception_handler.py", line 53, in wrapped_app
    raise exc
  File "/Users/jonathanjenkins/GitHub/GITHUB/AgenticLLM/.venv/lib/python3.11/site-packages/starlette/_exception_handler.py", line 42, in wrapped_app
    await app(scope, receive, sender)
  File "/Users/jonathanjenkins/GitHub/GITHUB/AgenticLLM/.venv/lib/python3.11/site-packages/fastapi/routing.py", line 121, in app
    await response(scope, receive, send)
  File "/Users/jonathanjenkins/GitHub/GITHUB/AgenticLLM/.venv/lib/python3.11/site-packages/sse_starlette/sse.py", line 478, in __call__
    with collapse_excgroups():
  File "/Library/Frameworks/Python.framework/Versions/3.11/lib/python3.11/contextlib.py", line 158, in __exit__
    self.gen.throw(typ, value, traceback)
  File "/Users/jonathanjenkins/GitHub/GITHUB/AgenticLLM/.venv/lib/python3.11/site-packages/sse_starlette/_utils.py", line 34, in collapse_excgroups
    raise exc
  File "/Users/jonathanjenkins/GitHub/GITHUB/AgenticLLM/.venv/lib/python3.11/site-packages/llama_cpp/server/app.py", line 208, in get_event_publisher
    async for chunk in iterate_in_threadpool(iterator):
  File "/Users/jonathanjenkins/GitHub/GITHUB/AgenticLLM/.venv/lib/python3.11/site-packages/starlette/concurrency.py", line 55, in iterate_in_threadpool
    yield await anyio.to_thread.run_sync(_next, as_iterator)
          ^^^^^^^^^^^^^^^^^^^^^^^^^^^^^^^^^^^^^^^^^^^^^^^^^^
  File "/Users/jonathanjenkins/GitHub/GITHUB/AgenticLLM/.venv/lib/python3.11/site-packages/anyio/to_thread.py", line 63, in run_sync
    return await get_async_backend().run_sync_in_worker_thread(
           ^^^^^^^^^^^^^^^^^^^^^^^^^^^^^^^^^^^^^^^^^^^^^^^^^^^^
  File "/Users/jonathanjenkins/GitHub/GITHUB/AgenticLLM/.venv/lib/python3.11/site-packages/anyio/_backends/_asyncio.py", line 2518, in run_sync_in_worker_thread
    return await future
           ^^^^^^^^^^^^
  File "/Users/jonathanjenkins/GitHub/GITHUB/AgenticLLM/.venv/lib/python3.11/site-packages/anyio/_backends/_asyncio.py", line 1002, in run
    result = context.run(func, *args)
             ^^^^^^^^^^^^^^^^^^^^^^^^
  File "/Users/jonathanjenkins/GitHub/GITHUB/AgenticLLM/.venv/lib/python3.11/site-packages/starlette/concurrency.py", line 44, in _next
    return next(iterator)
           ^^^^^^^^^^^^^^
  File "/Users/jonathanjenkins/GitHub/GITHUB/AgenticLLM/.venv/lib/python3.11/site-packages/llama_cpp/llama_chat_format.py", line 328, in _convert_text_completion_chunks_to_chat
    for i, chunk in enumerate(chunks):
  File "/Users/jonathanjenkins/GitHub/GITHUB/AgenticLLM/.venv/lib/python3.11/site-packages/llama_cpp/llama.py", line 1349, in _create_completion
    for token in self.generate(
  File "/Users/jonathanjenkins/GitHub/GITHUB/AgenticLLM/.venv/lib/python3.11/site-packages/llama_cpp/llama.py", line 933, in generate
    self.eval(tokens)
  File "/Users/jonathanjenkins/GitHub/GITHUB/AgenticLLM/.venv/lib/python3.11/site-packages/llama_cpp/llama.py", line 661, in eval
    self._ctx.decode(self._batch)
  File "/Users/jonathanjenkins/GitHub/GITHUB/AgenticLLM/.venv/lib/python3.11/site-packages/llama_cpp/_internals.py", line 330, in decode
    raise RuntimeError(f"llama_decode returned {return_code}")
RuntimeError: llama_decode returned -3
INFO:     127.0.0.1:51652 - "POST /v1/chat/completions HTTP/1.1" 200 OK
Llama.generate: 10 prefix-match hit, remaining 23 prompt tokens to eval
ggml_metal_synchronize: error: command buffer 1 failed with status 5
error: Insufficient Memory (00000008:kIOGPUCommandBufferCallbackErrorOutOfMemory)
ggml_metal_synchronize: error: command buffer 1 failed with status 5
error: Insufficient Memory (00000008:kIOGPUCommandBufferCallbackErrorOutOfMemory)
ggml_metal_synchronize: error: command buffer 1 failed with status 5
error: Insufficient Memory (00000008:kIOGPUCommandBufferCallbackErrorOutOfMemory)
ggml_metal_synchronize: error: command buffer 1 failed with status 5
error: Insufficient Memory (00000008:kIOGPUCommandBufferCallbackErrorOutOfMemory)
ggml_metal_synchronize: error: command buffer 1 failed with status 5
error: Insufficient Memory (00000008:kIOGPUCommandBufferCallbackErrorOutOfMemory)
ggml_metal_synchronize: error: command buffer 1 failed with status 5
error: Insufficient Memory (00000008:kIOGPUCommandBufferCallbackErrorOutOfMemory)
ggml_metal_synchronize: error: command buffer 1 failed with status 5
error: Insufficient Memory (00000008:kIOGPUCommandBufferCallbackErrorOutOfMemory)
ggml_metal_synchronize: error: command buffer 1 failed with status 5
error: Insufficient Memory (00000008:kIOGPUCommandBufferCallbackErrorOutOfMemory)
ggml_metal_synchronize: error: command buffer 1 failed with status 5
error: Insufficient Memory (00000008:kIOGPUCommandBufferCallbackErrorOutOfMemory)
ggml_metal_synchronize: error: command buffer 1 failed with status 5
error: Insufficient Memory (00000008:kIOGPUCommandBufferCallbackErrorOutOfMemory)
ggml_metal_graph_compute: backend is in error state from a previous command buffer failure - recreate the backend to recover
graph_compute: ggml_backend_sched_graph_compute_async failed with error -1
process_ubatch: failed to compute graph, compute status: -1
decode: removing memory module entries for seq_id = 0, pos = [10, +inf)
llama_decode: failed to decode, ret = -3
ERROR:    Exception in ASGI application
  + Exception Group Traceback (most recent call last):
  |   File "/Users/jonathanjenkins/GitHub/GITHUB/AgenticLLM/.venv/lib/python3.11/site-packages/sse_starlette/_utils.py", line 26, in collapse_excgroups
  |     yield
  |   File "/Users/jonathanjenkins/GitHub/GITHUB/AgenticLLM/.venv/lib/python3.11/site-packages/sse_starlette/sse.py", line 479, in __call__
  |     async with anyio.create_task_group() as task_group:
  |   File "/Users/jonathanjenkins/GitHub/GITHUB/AgenticLLM/.venv/lib/python3.11/site-packages/anyio/_backends/_asyncio.py", line 799, in __aexit__
  |     raise BaseExceptionGroup(
  | ExceptionGroup: unhandled errors in a TaskGroup (1 sub-exception)
  +-+---------------- 1 ----------------
    | Traceback (most recent call last):
    |   File "/Users/jonathanjenkins/GitHub/GITHUB/AgenticLLM/.venv/lib/python3.11/site-packages/uvicorn/protocols/http/h11_impl.py", line 415, in run_asgi
    |     result = await app(  # type: ignore[func-returns-value]
    |              ^^^^^^^^^^^^^^^^^^^^^^^^^^^^^^^^^^^^^^^^^^^^^^
    |   File "/Users/jonathanjenkins/GitHub/GITHUB/AgenticLLM/.venv/lib/python3.11/site-packages/uvicorn/middleware/proxy_headers.py", line 56, in __call__
    |     return await self.app(scope, receive, send)
    |            ^^^^^^^^^^^^^^^^^^^^^^^^^^^^^^^^^^^^
    |   File "/Users/jonathanjenkins/GitHub/GITHUB/AgenticLLM/.venv/lib/python3.11/site-packages/fastapi/applications.py", line 1159, in __call__
    |     await super().__call__(scope, receive, send)
    |   File "/Users/jonathanjenkins/GitHub/GITHUB/AgenticLLM/.venv/lib/python3.11/site-packages/starlette/applications.py", line 90, in __call__
    |     await self.middleware_stack(scope, receive, send)
    |   File "/Users/jonathanjenkins/GitHub/GITHUB/AgenticLLM/.venv/lib/python3.11/site-packages/starlette/middleware/errors.py", line 186, in __call__
    |     raise exc
    |   File "/Users/jonathanjenkins/GitHub/GITHUB/AgenticLLM/.venv/lib/python3.11/site-packages/starlette/middleware/errors.py", line 164, in __call__
    |     await self.app(scope, receive, _send)
    |   File "/Users/jonathanjenkins/GitHub/GITHUB/AgenticLLM/.venv/lib/python3.11/site-packages/starlette/middleware/cors.py", line 88, in __call__
    |     await self.app(scope, receive, send)
    |   File "/Users/jonathanjenkins/GitHub/GITHUB/AgenticLLM/.venv/lib/python3.11/site-packages/starlette_context/middleware/raw_middleware.py", line 92, in __call__
    |     await self.app(scope, receive, send_wrapper)
    |   File "/Users/jonathanjenkins/GitHub/GITHUB/AgenticLLM/.venv/lib/python3.11/site-packages/starlette/middleware/exceptions.py", line 63, in __call__
    |     await wrap_app_handling_exceptions(self.app, conn)(scope, receive, send)
    |   File "/Users/jonathanjenkins/GitHub/GITHUB/AgenticLLM/.venv/lib/python3.11/site-packages/starlette/_exception_handler.py", line 53, in wrapped_app
    |     raise exc
    |   File "/Users/jonathanjenkins/GitHub/GITHUB/AgenticLLM/.venv/lib/python3.11/site-packages/starlette/_exception_handler.py", line 42, in wrapped_app
    |     await app(scope, receive, sender)
    |   File "/Users/jonathanjenkins/GitHub/GITHUB/AgenticLLM/.venv/lib/python3.11/site-packages/fastapi/middleware/asyncexitstack.py", line 18, in __call__
    |     await self.app(scope, receive, send)
    |   File "/Users/jonathanjenkins/GitHub/GITHUB/AgenticLLM/.venv/lib/python3.11/site-packages/starlette/routing.py", line 660, in __call__
    |     await self.middleware_stack(scope, receive, send)
    |   File "/Users/jonathanjenkins/GitHub/GITHUB/AgenticLLM/.venv/lib/python3.11/site-packages/starlette/routing.py", line 680, in app
    |     await route.handle(scope, receive, send)
    |   File "/Users/jonathanjenkins/GitHub/GITHUB/AgenticLLM/.venv/lib/python3.11/site-packages/starlette/routing.py", line 276, in handle
    |     await self.app(scope, receive, send)
    |   File "/Users/jonathanjenkins/GitHub/GITHUB/AgenticLLM/.venv/lib/python3.11/site-packages/fastapi/routing.py", line 134, in app
    |     await wrap_app_handling_exceptions(app, request)(scope, receive, send)
    |   File "/Users/jonathanjenkins/GitHub/GITHUB/AgenticLLM/.venv/lib/python3.11/site-packages/starlette/_exception_handler.py", line 53, in wrapped_app
    |     raise exc
    |   File "/Users/jonathanjenkins/GitHub/GITHUB/AgenticLLM/.venv/lib/python3.11/site-packages/starlette/_exception_handler.py", line 42, in wrapped_app
    |     await app(scope, receive, sender)
    |   File "/Users/jonathanjenkins/GitHub/GITHUB/AgenticLLM/.venv/lib/python3.11/site-packages/fastapi/routing.py", line 121, in app
    |     await response(scope, receive, send)
    |   File "/Users/jonathanjenkins/GitHub/GITHUB/AgenticLLM/.venv/lib/python3.11/site-packages/sse_starlette/sse.py", line 478, in __call__
    |     with collapse_excgroups():
    |   File "/Library/Frameworks/Python.framework/Versions/3.11/lib/python3.11/contextlib.py", line 158, in __exit__
    |     self.gen.throw(typ, value, traceback)
    |   File "/Users/jonathanjenkins/GitHub/GITHUB/AgenticLLM/.venv/lib/python3.11/site-packages/sse_starlette/_utils.py", line 34, in collapse_excgroups
    |     raise exc
    |   File "/Users/jonathanjenkins/GitHub/GITHUB/AgenticLLM/.venv/lib/python3.11/site-packages/llama_cpp/server/app.py", line 208, in get_event_publisher
    |     async for chunk in iterate_in_threadpool(iterator):
    |   File "/Users/jonathanjenkins/GitHub/GITHUB/AgenticLLM/.venv/lib/python3.11/site-packages/starlette/concurrency.py", line 55, in iterate_in_threadpool
    |     yield await anyio.to_thread.run_sync(_next, as_iterator)
    |           ^^^^^^^^^^^^^^^^^^^^^^^^^^^^^^^^^^^^^^^^^^^^^^^^^^
    |   File "/Users/jonathanjenkins/GitHub/GITHUB/AgenticLLM/.venv/lib/python3.11/site-packages/anyio/to_thread.py", line 63, in run_sync
    |     return await get_async_backend().run_sync_in_worker_thread(
    |            ^^^^^^^^^^^^^^^^^^^^^^^^^^^^^^^^^^^^^^^^^^^^^^^^^^^^
    |   File "/Users/jonathanjenkins/GitHub/GITHUB/AgenticLLM/.venv/lib/python3.11/site-packages/anyio/_backends/_asyncio.py", line 2518, in run_sync_in_worker_thread
    |     return await future
    |            ^^^^^^^^^^^^
    |   File "/Users/jonathanjenkins/GitHub/GITHUB/AgenticLLM/.venv/lib/python3.11/site-packages/anyio/_backends/_asyncio.py", line 1002, in run
    |     result = context.run(func, *args)
    |              ^^^^^^^^^^^^^^^^^^^^^^^^
    |   File "/Users/jonathanjenkins/GitHub/GITHUB/AgenticLLM/.venv/lib/python3.11/site-packages/starlette/concurrency.py", line 44, in _next
    |     return next(iterator)
    |            ^^^^^^^^^^^^^^
    |   File "/Users/jonathanjenkins/GitHub/GITHUB/AgenticLLM/.venv/lib/python3.11/site-packages/llama_cpp/llama_chat_format.py", line 328, in _convert_text_completion_chunks_to_chat
    |     for i, chunk in enumerate(chunks):
    |   File "/Users/jonathanjenkins/GitHub/GITHUB/AgenticLLM/.venv/lib/python3.11/site-packages/llama_cpp/llama.py", line 1349, in _create_completion
    |     for token in self.generate(
    |   File "/Users/jonathanjenkins/GitHub/GITHUB/AgenticLLM/.venv/lib/python3.11/site-packages/llama_cpp/llama.py", line 933, in generate
    |     self.eval(tokens)
    |   File "/Users/jonathanjenkins/GitHub/GITHUB/AgenticLLM/.venv/lib/python3.11/site-packages/llama_cpp/llama.py", line 661, in eval
    |     self._ctx.decode(self._batch)
    |   File "/Users/jonathanjenkins/GitHub/GITHUB/AgenticLLM/.venv/lib/python3.11/site-packages/llama_cpp/_internals.py", line 330, in decode
    |     raise RuntimeError(f"llama_decode returned {return_code}")
    | RuntimeError: llama_decode returned -3
    +------------------------------------

During handling of the above exception, another exception occurred:

Traceback (most recent call last):
  File "/Users/jonathanjenkins/GitHub/GITHUB/AgenticLLM/.venv/lib/python3.11/site-packages/uvicorn/protocols/http/h11_impl.py", line 415, in run_asgi
    result = await app(  # type: ignore[func-returns-value]
             ^^^^^^^^^^^^^^^^^^^^^^^^^^^^^^^^^^^^^^^^^^^^^^
  File "/Users/jonathanjenkins/GitHub/GITHUB/AgenticLLM/.venv/lib/python3.11/site-packages/uvicorn/middleware/proxy_headers.py", line 56, in __call__
    return await self.app(scope, receive, send)
           ^^^^^^^^^^^^^^^^^^^^^^^^^^^^^^^^^^^^
  File "/Users/jonathanjenkins/GitHub/GITHUB/AgenticLLM/.venv/lib/python3.11/site-packages/fastapi/applications.py", line 1159, in __call__
    await super().__call__(scope, receive, send)
  File "/Users/jonathanjenkins/GitHub/GITHUB/AgenticLLM/.venv/lib/python3.11/site-packages/starlette/applications.py", line 90, in __call__
    await self.middleware_stack(scope, receive, send)
  File "/Users/jonathanjenkins/GitHub/GITHUB/AgenticLLM/.venv/lib/python3.11/site-packages/starlette/middleware/errors.py", line 186, in __call__
    raise exc
  File "/Users/jonathanjenkins/GitHub/GITHUB/AgenticLLM/.venv/lib/python3.11/site-packages/starlette/middleware/errors.py", line 164, in __call__
    await self.app(scope, receive, _send)
  File "/Users/jonathanjenkins/GitHub/GITHUB/AgenticLLM/.venv/lib/python3.11/site-packages/starlette/middleware/cors.py", line 88, in __call__
    await self.app(scope, receive, send)
  File "/Users/jonathanjenkins/GitHub/GITHUB/AgenticLLM/.venv/lib/python3.11/site-packages/starlette_context/middleware/raw_middleware.py", line 92, in __call__
    await self.app(scope, receive, send_wrapper)
  File "/Users/jonathanjenkins/GitHub/GITHUB/AgenticLLM/.venv/lib/python3.11/site-packages/starlette/middleware/exceptions.py", line 63, in __call__
    await wrap_app_handling_exceptions(self.app, conn)(scope, receive, send)
  File "/Users/jonathanjenkins/GitHub/GITHUB/AgenticLLM/.venv/lib/python3.11/site-packages/starlette/_exception_handler.py", line 53, in wrapped_app
    raise exc
  File "/Users/jonathanjenkins/GitHub/GITHUB/AgenticLLM/.venv/lib/python3.11/site-packages/starlette/_exception_handler.py", line 42, in wrapped_app
    await app(scope, receive, sender)
  File "/Users/jonathanjenkins/GitHub/GITHUB/AgenticLLM/.venv/lib/python3.11/site-packages/fastapi/middleware/asyncexitstack.py", line 18, in __call__
    await self.app(scope, receive, send)
  File "/Users/jonathanjenkins/GitHub/GITHUB/AgenticLLM/.venv/lib/python3.11/site-packages/starlette/routing.py", line 660, in __call__
    await self.middleware_stack(scope, receive, send)
  File "/Users/jonathanjenkins/GitHub/GITHUB/AgenticLLM/.venv/lib/python3.11/site-packages/starlette/routing.py", line 680, in app
    await route.handle(scope, receive, send)
  File "/Users/jonathanjenkins/GitHub/GITHUB/AgenticLLM/.venv/lib/python3.11/site-packages/starlette/routing.py", line 276, in handle
    await self.app(scope, receive, send)
  File "/Users/jonathanjenkins/GitHub/GITHUB/AgenticLLM/.venv/lib/python3.11/site-packages/fastapi/routing.py", line 134, in app
    await wrap_app_handling_exceptions(app, request)(scope, receive, send)
  File "/Users/jonathanjenkins/GitHub/GITHUB/AgenticLLM/.venv/lib/python3.11/site-packages/starlette/_exception_handler.py", line 53, in wrapped_app
    raise exc
  File "/Users/jonathanjenkins/GitHub/GITHUB/AgenticLLM/.venv/lib/python3.11/site-packages/starlette/_exception_handler.py", line 42, in wrapped_app
    await app(scope, receive, sender)
  File "/Users/jonathanjenkins/GitHub/GITHUB/AgenticLLM/.venv/lib/python3.11/site-packages/fastapi/routing.py", line 121, in app
    await response(scope, receive, send)
  File "/Users/jonathanjenkins/GitHub/GITHUB/AgenticLLM/.venv/lib/python3.11/site-packages/sse_starlette/sse.py", line 478, in __call__
    with collapse_excgroups():
  File "/Library/Frameworks/Python.framework/Versions/3.11/lib/python3.11/contextlib.py", line 158, in __exit__
    self.gen.throw(typ, value, traceback)
  File "/Users/jonathanjenkins/GitHub/GITHUB/AgenticLLM/.venv/lib/python3.11/site-packages/sse_starlette/_utils.py", line 34, in collapse_excgroups
    raise exc
  File "/Users/jonathanjenkins/GitHub/GITHUB/AgenticLLM/.venv/lib/python3.11/site-packages/llama_cpp/server/app.py", line 208, in get_event_publisher
    async for chunk in iterate_in_threadpool(iterator):
  File "/Users/jonathanjenkins/GitHub/GITHUB/AgenticLLM/.venv/lib/python3.11/site-packages/starlette/concurrency.py", line 55, in iterate_in_threadpool
    yield await anyio.to_thread.run_sync(_next, as_iterator)
          ^^^^^^^^^^^^^^^^^^^^^^^^^^^^^^^^^^^^^^^^^^^^^^^^^^
  File "/Users/jonathanjenkins/GitHub/GITHUB/AgenticLLM/.venv/lib/python3.11/site-packages/anyio/to_thread.py", line 63, in run_sync
    return await get_async_backend().run_sync_in_worker_thread(
           ^^^^^^^^^^^^^^^^^^^^^^^^^^^^^^^^^^^^^^^^^^^^^^^^^^^^
  File "/Users/jonathanjenkins/GitHub/GITHUB/AgenticLLM/.venv/lib/python3.11/site-packages/anyio/_backends/_asyncio.py", line 2518, in run_sync_in_worker_thread
    return await future
           ^^^^^^^^^^^^
  File "/Users/jonathanjenkins/GitHub/GITHUB/AgenticLLM/.venv/lib/python3.11/site-packages/anyio/_backends/_asyncio.py", line 1002, in run
    result = context.run(func, *args)
             ^^^^^^^^^^^^^^^^^^^^^^^^
  File "/Users/jonathanjenkins/GitHub/GITHUB/AgenticLLM/.venv/lib/python3.11/site-packages/starlette/concurrency.py", line 44, in _next
    return next(iterator)
           ^^^^^^^^^^^^^^
  File "/Users/jonathanjenkins/GitHub/GITHUB/AgenticLLM/.venv/lib/python3.11/site-packages/llama_cpp/llama_chat_format.py", line 328, in _convert_text_completion_chunks_to_chat
    for i, chunk in enumerate(chunks):
  File "/Users/jonathanjenkins/GitHub/GITHUB/AgenticLLM/.venv/lib/python3.11/site-packages/llama_cpp/llama.py", line 1349, in _create_completion
    for token in self.generate(
  File "/Users/jonathanjenkins/GitHub/GITHUB/AgenticLLM/.venv/lib/python3.11/site-packages/llama_cpp/llama.py", line 933, in generate
    self.eval(tokens)
  File "/Users/jonathanjenkins/GitHub/GITHUB/AgenticLLM/.venv/lib/python3.11/site-packages/llama_cpp/llama.py", line 661, in eval
    self._ctx.decode(self._batch)
  File "/Users/jonathanjenkins/GitHub/GITHUB/AgenticLLM/.venv/lib/python3.11/site-packages/llama_cpp/_internals.py", line 330, in decode
    raise RuntimeError(f"llama_decode returned {return_code}")
RuntimeError: llama_decode returned -3
INFO:     Shutting down
INFO:     Waiting for application shutdown.
INFO:     Application shutdown complete.
INFO:     Finished server process [10026]
